location,zipcode
Magadi Road,562120
Vijayanagar,560040
Tumkur Road,572102
Kengeri,560060
Mysore Road,570004
Binny Pete,577133
Rajarajeshwari Nagar,201008
Kengeri Satellite Town,560060
Annapurneshwari Nagar,224181
Rajaji Nagar,201008
Chikkabanavara,560090
Nagarbhavi,560072
Nelamangala,562123
Hosahalli,561203
Vishveshwarya Layout,577006
Basaveshwara Nagar,201008
2nd Stage Nagarbhavi,721126
Bhattarahalli,560049
Rajarajeshwari Nagar 5th Stage,570023
Kommaghatta,560060
Pattanagere,571434
11th block,110083
Nandini Layout,490036
Nagarbhavi  ITI Layout,577006
Banashankari 6th Stage,570023
Mahalakshmi Puram,516247
Mallathahalli,561203
Ullal Road,575020
K R PURAM,516247
Jalahalli West,584116
Bhuvaneshwari Nagar,224181
Keshava Nagar,201008
Mallathalli ITI Layout,577006
Nagarbhavi 2nd Stage,721126
BEL Layout Magadi Road,562120
Srigandakaval D group Layout,563162
Mallathalli MPM Layout,577006
Nagarabhavi 2nd Steg 4th Black,721126
Vishveshwaraiah Layout 4th Black,563162
Vinayaka Layout,517507
Karihobanahalli Peenya,560058
Mahalakshmi Layout,563162
D-Group Layout,563162
Stage-1 Vijayanagar,560040
Peenya,560058
Kodipalya,562120
Nagarbhavi 11th Block Swathi Hotel Backside,190004
Mallasandra,561207
BEML Layout,563115
3rd Stage Vinayaka Layout,517507
Sunkadakatte,577217
Kamakshipalya,560079
Old Bayappanahalli,791120
Manjunath Nagar,201008
BSM Extension,335701
Dasanapura,572130
Peenya 2nd Stage,560058
Bangalore Mysore Highway,560001
Makali,562108
Chandra Layout Extension,577006
Mariyappanapalya,572104
sln city chinchanakuppe,134003
Deepanjali Nagar,224181
Chandra Layout,577006
SLN City,134003
SMV Layout Block 4,577006
Thammenahalli,560107
Bharatnagar 2nd stageBEL layout,721126
Hampi Nagar,201008
Kavika Layout,577006
Bettahalli,572111
Remco Bhel Layout,577006
4th Block Vishweshariah lay out,562107
Manganahalli,560060
Byalalu,562117
TAVAREKERE,562122
Sunkadkatte Road,783323
Janankshi Layout,577006
Bidadi,562109
Tavarekere - kengeri road,562122
Ramasandra,560105
Laggere,560058
Attibele,562107
FCI Layout,577006
near wonderla,244901
Bhaktipura,388265
Mathikere,562120
krishna garden,521131
Bairahanumaiah compound,391510
Mayaganahalli,562128
Seegehalli Magadi Road,572213
Subhash Nagar,110027
Harsha Layout,283145
Old Guddadahalli,515271
Airport road Bangalore,560001
Vidyamanya Nagar Andrahalli,224181
Laggere Road,783323
Near Bigbanyan Tree,244901
Anekal,562106
Channasandra,560067
Jakkasandra Nelamangala,562123
bidadi,562109
Chowdeshwari Nagar,201008
Anekal road Naganayakahalli road,562106
Jnanabharathi Layout,577006
Doddathoguru Electronics City Phase 1,560100
Shetty Halli,413518
Muddaiahnapalya,562127
Hegganahalli,562110
Hosahalli Extension,561203
Machohalli,560091
Gollarapalya Hosahalli,561203
Shivanapura,562122
Bedarahalli,635102
BHEL Layout,577006
Thavarekere,562122
Achit Nagar post,245304
Srinivaspura,573116
Bapuji Nagar,201008
4th Block Vishweshwaraiah Layout,563162
Jnana Ganga Nagar,262906
7th site from main road,734301
2nd Block Rajajinagar,621713
Shivapura,562163
Doddabele Kengeri,562132
Nagarabhavi,561211
4th Block Sir M Vishweshwaraiah Layout,743347
Geleyara Balaga Layout,577006
Bande mutt,210201
Lakshminarayanapuram,535522
Hoodi,560048
kariobanahalli,560073
KHB LAYOUT,577006
Ullalu,560110
Ullal Uppanagar,575020
BEML Layout Rajarajeshwari Nagar,563115
Gollarahatti,572107
Sampige Layout,572225
Near Anjali School Sunkadakatte,577217
Subash Nagar,770017
KHB Colony,584143
vijayashree layout,577006
Mathikere Extension,562120
8th Block Sir M Vishweshwaraiah Layout,190005
Subhash Nagar Singasandra Post,560068
Kaveripura Kamashipalya,571122
HRBR Layout,577006
Widia Layout,577006
kamalanagar,515001
Near WonderLa,244901
Nagarur,515455
Kethohalli,562130
Meenakshinagar basaveshwaranagar,560079
srigandhanagar kareemsab layout,577006
NGEF Layout Nagarbhavi,577006
Byraveshwara nagar,224181
seegehalli gate,572213
Upadhyaya Layout,577006
TVS Cross,563125
SLN city puruda paliya Magadi Road,562120
shetty muddhana lane,190004
Green View Layout,190004
OPP T DASARAHALLI METRO STATIONBEHIND A2B HOTEL,583219
Bannikuppe,562159
Dodderi,572112
Kengeri Satellite Town Stage 1,560060
Nelamangala Taluk Honnasandra Village,562123
Peddanapalya,562130
BEML 3rd stage,563115
Mutyalam Nagar,224181
Anekal chandapura road,562106
AjjanaHalli,561201
Tavarekere Magadi Road,562120
RAMOHALLI,560074
Lingadheeranahalli,560060
hoskote,562114
Jai Bhuvaneshwarinagar,132039
Behind Bislari water factory,516101
Kengeri Satellite Town Stage II,560060
Herohalli,560091
4th stage Rajarajeswari nagar 4th main road 2nd cross,570023
Tavarekere  Magadi Road,562120
University Road,495113
Saraswatipuram,224001
Channanayakana Palya (Bhavani Nagara),638301
Magnolia temple tree,249204
NAGARBHAVI BANGALORE-560078,560078
Telecom Layout Vijayanagar Pipe line road,560040
Muddayana palya,561206
Guddadahalli,515271
jigani anekal taluk,562106
Coconut Avenue Road,143008
Mahadevapura,562123
9th Block Sir M Vishweshwaraiah Layout,190005
Kolur,571617
Sri Venkateshwara Krupa Layout,508245
Vishweshwaraiah Layout,577006
Totadaguddadahalli,560073
Viswapriyanagar.begur Road.bommanahalli.bangalore,560068
Peenya Industrial Area Phase IV,560058
nice road thumkur road behind hotel Agarwl,190004
Stristi Layout,577006
8th Cross Magadi Road,562120
Nagashetty Halli,413518
Grihalakshmi Layout,577006
Rajajinagar,621713
Beml 5th stage,563115
Prashanth Nagar,224181
Gnana Bharathi,624101
Kannahalli,560091
Shirke Layout,577006
Mahaganapathi Nagar,224181
Gokula Extension,224164
mahadevapura,562123
5th Block Rajaji Nagar,263145
thigalara palya main road,572120
Adarshanagar,508217
BEML 3rd StageGattigere RR Nagar Bengaluru,563115
Railway Chord Road,572225
Kempegowda Layout,577006
7th main,416602
Udayravi enclave,201009
Near Shanmugha Temple,244901
6th Block Rajaji Nagar,515005
Bharat Nagar,212106
Sarjapur,582211
bda site,516129
Gayathri Nagar,201008
3rd Phase 1st Stage West of Cord Road Manjunatha Nagar,721126
lakkenahalli,562127
doddamaranahalli,562130
Chowdeshwari Nagar  Laggere,201008
Near vijayanagar metro station,560040
Udaya layout sriram layout Near aprameya prasiddi,274302
6th Block Sir M Vishweshwaraiah Layout,743371
Near water tank Indian High School road,826004
3rd block,782428
Telecom layout vishweshwaraiah layout,577006
Shivanagar,415108
Gidada Konnenahalli,572120
kodipalya,562120
Canara Bank Colony,560050
freedom fighters colony,584143
Ullal RTO Office Near,575020
Tavarekere,562122
Ittumadu main road,611108
Kachohalli,562162
Spoorthy Layout site no 262,577006
Vidyamanya Nagar,224181
Nelmangala Road Janapriya Township Kadabagere Near,562130
Jyothi Nagar,516237
Kamala Nagar,152021
Byramangala,562109
West of Chord Road,783323
3rd Stage Raja Rajeshwari Nagar,852214
Sulivara,562130
Vinayaka nagar Jp nagar 5th phase,517507
magadi main road,611108
Sir M Vishweshwaraya layout 1st block,743347
Patteragar palya,561206
Vidya Nagar,304022
Huskur Rd Kanva Garden City Bengaluru Karnataka 562123,562123
Sir M Vishweshwaraiah Layout,190005
Mahatma Gandhi Nagar,382845
Siddeshwara layout,577006
D Group Employees Layout,563162
Shakthi Ganapathi Nagar,614202
nagarbhavi,560072
HegganahalliShrigandhada Kaval GT RecidencyAnnapoorneshwari Nagara,284123
RPC layout,577006
Nagarbhavi village,782446
Chelur,563124
Rampalya,562162
Lingadheeranahalli Magadi Road,562120
VagerahalliMysore Road To Near RV Engg.College,133207
Bandappa Garden,201005
Kodigehalli,561203
sri rama layout,560102
seegehalli whitefield,572213
Prakash Nagar,277204
Dupasi palaya,614804
Anugondanahally Survey No 61,500039
domlr village opp indian oil petrol bunk,600036
2nd Block Sir M Vishweshwaraiah Layout,190005
4 Th Block Vishweshwaraih Layout,577006
New Bel road,261501
KAMALANAGAR NGOS Colony,181201
Vishveshwarya Layout 8th block,577006
New Guddhadahalli,783381
Near Acharya College,133207
Sarjapur Village,582211
Govindaraja nagar,224181
byraveshwara nagar,224181
kamakshipalya,560079
Bhoomika layout,577006
HongasandraBegur Main Road,611108
Yeshwanthpur,560022
Near Agarwal bhavan restaurant,250601
Navilu nagar,224181
KHB Bandemutt layout,577006
Rajagopala Nagar,224181
1st Block Jnanabharathi Layout,743347
Global Village Tech park Mysore road,143506
Mallapur,261502
Bangalore city,560100
Thavarekere Magadi Road,562120
nagarbhavi 6th block,110083
Peenya Industrial Area thigalarapalya main road,560058
Vishveshwarya Layout (Upkar residency),563162
BEL Layout,577006
msr nagar,335504
Near Honnaganahatti,244901
Income Tax Layout BEL Near Magadi Road,562120
Nagarbhavi  D Group Layout,563162
VISHWESHWARAYA LYT 1st Block.,782428
VISHWESHWARAYA LYT 3rd Block,782428
Basaveshwaranagar,560079
D Group society,133102
Anooporneswari nagar,224181
Papareddy palya,561206
Gnanabharathi layout,577006
ITI Lay out,562107
BEML 3rd Stg,335803
Channasandra RR Nagar,201008
M C Layout,577006
Asthagrama Layout,577006
Chadra Layout,577006
basaveshwaranagar,560079
Amarjyoti Nagar,224181
Shankar Nagar,271207
Nagappa Block,110083
Kirloskar lay out,562107
Nandhini Layout,577006
Jalahalli,584116
Attiguppe,571601
Binny Layout M C Layout,577006
Nagarabhavi 13th Block,110083
Vinayaka Layout Near Bandemaramma temple,517507
Hampinagar,560104
Vinayaka layout,517507
International Airport Road,190007
Aralasandra T. Begur,562122
Kunigal Toll,572130
Near Gandhi park 9th Blk Nagarabhavi,382845
9th Block Nagarabhavi,110083
Swathi Hotel Nagarabhavi,190004
NGEF Layout,577006
RPC Layout,577006
Near Terige Bhavan,224123
Prashanthnagar,502103
Near GKW Layout Vijayanagar,560040
New income Tax layout,577006
MYSORE ROAD,570004
Railway Layout,577006
Gopalapura,571402
VHBCS Layout,577006
SMV layout,577006
Basaveshwar nagar BML layout near Kuvempu park,563162
Nagarbhavi 2nd stage 11 block near TERIGE Bhavan,721126
Ngarabahvi 2nd stage ITI layout near DEEPA Complex,246725
Nagarbhavi 2nd stage 11block Near TERIGE Bhavan,721126
Nagarbahvi 2nd stage 9th block near Gandhi park,721126
Nagarbhavi 2nd stage 9th block BDA site Near Gan,570023
Nagarbhavi 2nd Stage ,721126
8th block,110083
Nagarbhavi Near Ambedkar College,133207
Rajaji Nagar 1st Block,515005
VISHWESHWARAIAH LAYOUT,577006
KR Puram,516247
Sri M Vishweshwaraiah Layout,577006
Saraswathi Nagar,201008
5th Block Sir M Vishweshwaraiah Layout,190005
sir m visweswarayalayout,190005
Nadaprabhu Kempegowda Layout BDA,577006
Nadaprabhu Kempegowda Layout,577006
2nd BLOCK Sir M VISHVESHVARAIAH LAYOUT,190005
yeswantpur railway station property name aparna elina,180012
BTM Layout,577006
nagarabavi layout,577006
Sriganadada Kaval,562131
4th Block Vishveshwaraiah Layout,563162
1st Block Vishveshwaraiah Layout,743347
3rd Block Vishveshwaraiah Layout,563162
Vishveshwaraiah Layout,577006
Nelamangala kemplinganhalli main road,562123
Govindraja Nagar,224181
SMV Layout Block 1,577006
Upkar Layout,577006
Anubhav Nagar,224181
Electronic City,134003
Agrahara Dasarahalli,572125
Milk Colony,133102
8th Block,110083
Vidhanasoudha layout,577006
Srigandada Kaval,562131
poornapura chinnappa garden,201005
SMV layout Block 3,577006
MRCR Layout,577006
Thippenahalli,562105
Ramchandrapura Gangamma Circle,313001
RR Nagar,224181
Health Layout,577006
GKW Layout,577006
Nagarbhavi Annaporneshwarinagar,560072
Sir M Vishweshwaraiah Layout 4th Block,743347
9th block BDA,110083
Sir M V Layout 1st Block,743347
Vishweshvaraya layout layout BEL layout CII Ullal etc.,563162
Rhcs Layout Nagarabhavi.,577006
Sir M Vishweshwaraiah layout 2nd Block,190005
Andrahalli Main Road,611108
Marenahalli,577528
Malathalli main road,611108
HMT layout,305003
prashanth nagar,224181
Near Kengeri Club,560060
4th Main,416602
Andrahalli main road,611108
M S R Nagar,224181
5th block,110083
Ken,212217
Bidadi  magnolia gardens,562109
Prem Nagar,110086
Magadi Road Near New BEL Layout,562120
Whitefield,560066
Hoskote,562114
Old Madras Road,791120
Sarjapur Road,582211
Budigere Cross,562129
Mahadevpura,383315
Sulikunte,562111
Malur,563130
Sompura,572121
Panathur,560103
Thubarahalli,560066
Sathya Sai Layout,574235
Kadugodi,560067
Balagere,560103
Green Woods Layout,700095
Ramamurthy Nagar,201008
Marathahalli,560037
Vibhutipura Extension,515411
Kaverappa Layout,577006
Seegehalli,572213
Kalyan nagar,421301
Varthur,560087
August Grand Sarjapur road,582211
Bendiganahalli,562129
Kundalahalli,560037
D Costa Layout,577006
Ayappa Nagar,201008
Maithri Layout,577006
Anandapura,328025
NRI Layout,577006
Harlur Road,783323
EPIP Zone,793101
Sai Gardens,524002
Rustam Bagh Layout,193103
Siddapura,571235
Badavala Nagar,224181
Pattandur Agrahara,572125
Ambalipura,384212
Dooravani Nagar,224181
Kannamangala,561203
Bethel Nagar,796321
Gunjur,560087
5th Block Hbr Layout,577006
Kadagrhara Gunduru Main Road,611108
1st Block HBR Layout,743347
Bidarahalli,571116
Cooke Town,502103
Mullur,571610
Vignana Nagar,224181
1st Block HRBR Layout,743347
Garudachar Palya,561206
Alambadi,563130
HAL 2nd Stage,570023
Dommasandra,562125
Domlur,560071
TC Palaya,614804
Varanasi,221001
Bhuvanagiri,608601
B Channasandra,560067
K.R Puram,516247
KR PURAM,516247
K.R PURAM,516247
Nimbekaipura,560049
INDIRANAGAR,226016
Narayanapura,562117
devarahalli Begur Hobli Bangalore,562122
kodigehalli,561203
Kada Agrahara,384305
HBR Layout,577006
Sobha Cresantium,824231
2nd Block Hrbr Layout,721126
Kengeri Hobli,560060
Kothnur Narayanapura,562105
OMBR Layout,577006
Sadara Mangala Industrial Area,305407
Indira Nagar,226016
Marthahalli Outer Ring Road,495113
Basavanapura,561204
Dodda Nekkundi,572125
Nisarga Layout,577006
Defence Colony,201005
3rd Block Hrbr Layout,563162
Kanaka nagar circle,761028
Chaitanya Ananya,443002
Hagadur,571421
Chikka Tirupathi,573103
Basava Nagar,201008
Kalkere,572201
Ferns City,134003
RamamurthyNagar NRI LAyout Phase 2,577006
MEG LAYOUT Udayanagar,577006
HANCHARAHALLI,560049
Bommenahalli,572217
3rd Block HBR Layout,563162
Michael Palaya,638501
Horamavu Agara main Road,611108
Kuthaganahalli,562125
Sri Nivasa Reddy Layout,577006
A Narayanapura UdayaNagar Mahadevepura,562117
A Narayanapura Mahadevapura,562117
ias layout,577006
Gundur,583282
2nd Block Hbr Layout,721126
Ramagondanahalli,577514
CV Raman Nagar,151301
Bsnl Railway layout Budigere,562129
bagalur bangalore north,562149
Dodda Nekkundi Extension,572125
B Narayanapura,562117
GM Palaya,614804
kannur,670001
Indiragandhi Street Udayanagar,515005
Dodsworth Layout,577006
Jai Bharat Nagar,212106
Hennur Bande,210201
Bidare Agraha,577146
Kundalahalli Colony,584143
Banaswadi,560043
Geddalahalli,560077
Near CV RAMANAGAR,244901
Varsova Layout,577006
Prithvi Layout,563162
Chikkabellandur,560035
Anugondahalli,560067
KR Garden,201005
Doddagubbi,581116
Dodda Banaswadi,572125
HAL 3rd Stage,570017
Yarraiaina Palya,561206
Doddakannellisarjapur main road,611108
Udayanagar,754296
Battarahalli,636808
Appajipura,560067
AECS Layout,577006
Madhugiri,572132
Gunjur Palya,560087
Byrathi Village,782446
Asha town ship,731132
Sarjapur Bangalore,415514
Kothanur Bangalore North,571440
Lal Bahadur Nagar,229311
Gupta Layout,414111
Gopal Reddy Layout,192125
ByrathiKothanur postBLR-560077,560077
Varthur Road,783323
Baiyappanahalli Bidarahalli,571116
Vittal Nagar,574243
Thavarekere Hoshote Like Route Volvo Company Back,769042
Kullappa Circle KEB Road towards Ring Road,313001
Whitecity Layout,577006
SILK BOARD,562161
Kodihalli,515311
Adigara Kallahalli,562117
Vinayaka Nagar,517507
Dommaluru to Lakkuru,562111
Udaya Nagar,201008
Ramamurthy Nagar Extension,560016
Ittangur,562125
Malimakanapura,562122
Harohalli,570028
Krishnappa Garden,201005
aecs layout d block,577006
bagalur cross,635103
Horamavu banjara layout,577006
Sompura Gate Sarjapura,562125
SuddaguntepalyaC V Raman Nagar,151301
Belathur,571114
Cambridge Layout,577006
surya city 2nd phase,721126
S R Layout,577006
Sonnenahalli,560089
Bikkanahalli,562125
chinnappanahalli,561209
Kodigehalli K Puram,561203
Doddanakundi Industrial Area 2,221106
dommasandra chandapura road,562125
thorana halli,413518
Pillehalli Nelamangala,562123
Byrasandra,561203
Byrathi Kothanur,635118
Hanuma Reddy Layout,577006
Bhoganhalli,585301
TC palya main road Horamavu,572120
Maragondana Halli,413518
Horamavu Near Prestige Appartments,244901
Rajaji Nagar-6th Block,515005
Muddenahalli,572228
GM pallya,249001
Kariyappanahalli Bannergatta Road,783323
K G Colony,584143
Volagerekallahalli,562125
NVT Life Square,533002
Segehally gate,425501
Prasanth Extension,517128
channasandra,560067
Sri sai layoutkattinahalli,181131
Doddahullur,562114
Chikkanaikkanahalli Nr Primus Public School,121101
Old madiwala,791120
aishwarya county plot NelaMangala Bangalore,562123
hoodi circle,313001
sarjapur road,582211
Devanahalli Airport,562110
Gattahalli Village Sarjapura Hobli,562125
Chemmasandra Village Virgonagar Post,560049
Jigani,560105
KPCL layout,577006
Sompura Gate,572121
Gopasandra,560099
Subbannaiah Palya,561206
3rd Cross Omshakthi LayoutAyyappa Nagar Hoodi,629704
Narayanappa Garden,201005
LB Shastri Nagar,462003
Jayram shetty layout devasandra,560036
Doctors Layout,577006
Rajanna Colony,584143
Sarjapur village,582211
Hoskote Setlagatta Road,562114
KR puram,516247
Seegahalli,563135
Ramnaikanahalli,560083
Ckb layout Marathahalli,577006
chanda pura,803212
graphite india road,226028
Anekal Bangalore,560001
Sarjapura Main Road,562125
Munekollalu SjR Dental College Road,133207
Vidyasagar Thanisandra,721102
Kodigehalli Main Road Hoodi,611108
hemanth nagar,224181
ramaswamy palya,561206
Motappa Layout,577006
Sadahalli IVC Road,562110
Ambedkar Nagar,224181
Akshya Nagar,224181
K Channasandra,560067
Abbaiah Reddy Layout,577006
Berlie Street,515005
Sulthan Bathery,673592
Muneshwara Layout,577006
sulibele,562129
New Kaverappa layout,577006
Bharathi Nagar,624101
Shauhardha Layout,577006
Chambenahalli,562125
Chintamani,563125
Lingarajapuram,560084
Silver Springs Layout,577006
Mallasandra T dasarahalli,561207
Premier park layout,577006
Raghavendra Layout,577006
Belatur Colony,584143
Vijay Nagar,271215
Sir Visweswaraih Layout 10th Cross Hoskote,562114
B. Channasandra,560067
Kotur,580011
Bannerghatta Road,560076
Kodathi,560035
KPC layout,577006
Old Airport Road,190007
kannur village,670001
ASHWATH NAGAR THANISANDRA,201008
Chikka Banaswadi,572125
Akshaya Nagar,224181
Jalahalli Village,584116
Bhuvanahalli Hosakote taluk,571102
Belathur Kadugodi P.O,571114
Nagappa Reddy Layout,577006
Near ITC Factory Malur Road,562160
Thippasandra,562131
Giddappa Layout,577006
Meenakshi Temple Road,143006
sai garden layoud,174001
JCR Layout 2nd Main,721126
Madappanahalli,560064
Sir M V Nagar,190005
HSR Sector 7,490006
Raghavendra Nagar,201008
Kaveri Nagar,201008
Green Garden Layout,700095
Near Sambram Collage,305404
Anugrah Layout,577006
Chennappa Layout,577006
Pai Layout,577006
Maruti Nagar,201008
Dodaramanna Layout,577006
Kalappa Layout,577006
Round park Nandini layout,490036
Masjid - e - Mukarram,190004
Horamavu Agara Village,389140
SOUKYA ROAD Whitefield,560066
Kada Agrahara Sompura.,572121
Bangalore,560001
BEML LAYOUT,563115
Konena Agrahara,572125
Near Sai Baba Mandir Kundalahalli,560037
Opposite Defence Enclave,201005
Alfa Gardens,524002
Kodigehalli  Bangalore,561203
marathalli ORR,786010
Rammana Layout,577006
Vivekananda Nagar,723147
Phase 2,110062
Railway Gollahalli,515321
Lakshminarayana Pura,322242
Basavanna Nagar,201008
Malur Road,563130
Chikkatirupati Road near Sarjapur,582211
Horamavu,560043
Puttappa Layout,577006
Chinnappa Layout,577006
Gongothri Layout,577006
Near NRI Layout,577006
tc palya main road ramamurthy nagar,572120
Bommanahalli village,560068
gubbi cross,572216
sarjapur whispering Meadows Haralur Road,572104
BDA layout -Nagarbhavi Stage 2,570023
MNR Layout Kachamaranahalli Mullur Road,621312
Mudaliyar Layout,577006
31 2nd cross venkateshwara layout madiwala bangalore 560068,560068
Bhima Nagar,412208
Indiranagar,226016
Maranna Layout Doddabidarakallu,577006
T K Reddy Layout,577006
Manjushree Layout,577006
Hoskote Chintamani Road,563125
Mittaganahalli Village,782446
Parijata LayoutM.V extension Hoskote,562114
shriram greenfield budigerre cross,843109
Thanisandra,560045
ITC factory,516101
Bidarahalli Hobli,571116
Indira Nagar Stage 2,570023
Samethanahalli,560067
Off Benarghatta Road,629161
CPR Layout,577006
Meenakshi Temple Street,629704
Valepura Vathur Hoskote,562114
Rajasree Layout,577006
adur anayappa layout,581101
TC Palya,561206
Avalahalli,560064
Cheemasandra,560049
Near Sunny layout,577006
Jagadenahalli,563130
Mosque Road,629193
Kodiyalam,639115
Dodda Kempaiah Layout,577006
Electronic City Phase 2,110062
Gudighattanahalli,562125
Paramount Public School Virgo Nagar,121101
Gangamma Layout,577006
Augusta road,783323
Kodihalli village jadigenahalli Hobli,562114
Annasandrapalya Extension,515411
Bangalore kr puram,560001
BANGALORE KARNATAKA,560001
Reliable Residency Layout,563162
Garden city collage,305404
JCR Layout,577006
seegehalli main road doddabasavanapura,572213
Kammasandra,563121
Ayappa nagar KR puram,516247
Rajkumar Layout,577006
venkateshwara layout mahadevpura,383315
Goukul Layout belegere road varthur,577006
Dommasandra post sulikunte village Sarjapur Road Pincode 562125.,562125
Eco Hypermarket Opposite Road,431215
New Thippasandra,562131
Chikkaballapur,562101
tc palyaKr puram,516247
Near whitefield railway station,560066
JIGANI,560105
ventakeshwara layout mahadevpura,383315
balagere,560103
Lakshmi Layout,577006
Shivagiri Township Phase 1,110062
V Kallahalli,562117
Kundalahali gate,425501
Sulivara - Chandrappa Circle,313001
Jadigenahalli,562114
Krishnarajpura Ayyappa Nagar,201008
Byrathi Village Bidarahalli Hobli,571116
S Kumar Layout,577006
Singasandra-Bommanahalli..Behind AECS layout.sector B.,560068
Hoodi Circle Bangalore,560001
Dhodda Dunnasandra Cross,563125
Maragondanahalli Bommasandra Karnataka 560099,560099
Sarjapur road,582211
KARNATAKA,581197
Kodigehalli KR puram,561203
hinduja Park,785609
Outer Ring Road East,495113
T C Palya Main Road,572120
Ncpr Industrial Layout,577006
Bidarahalli Sri Sai layout,181131
Muthsandra,571445
Chikkanna Layout,577006
Bangalore international airport,190007
Thambu chetty palya,572120
A Narayanapura,562117
shani layout,414105
Virgonagar,560049
Garuda Park Square,785609
J P nagar 5th phase,110062
Brooke Bond First Cross,441221
Sadanand Nagar,201008
Akash Nagar,201008
Kullappa Colony,584143
t c palya,561206
Grand reddy villa layout,143514
R R layout,577006
tarabahalli village,782446
Vijaya Bank Colony,586103
Aiyappanagar KR Puram,516247
Jagadish Nagar,223223
Annaiah Reddy Layout,577006
Borewell Road,783323
Chandrika Layout Seegehalli Main Road KRpuram,572213
Sri Sai Layout,181131
Anjappa Layout,577006
Pattalamma layout,577006
Lakkondahalli,562114
Jeevan bima nagar,283151
Someshwara layout hulimavu begru rd,562104
Madhura Nagar,312616
Kalkunte,560067
White City layout,577006
Orohalli,562114
Manjunatha Layout,577006
K R PURAM AYYAPPANAGAR,516247
Arkavathy layout,577006
Kasturi Nagar,481990
Punyabhoomi layout,577006
Meenakshi temple Road,143006
Mullur road,571610
Ramesh Nagar,201008
haralur road,572104
4th Block HBR Layout,563162
Sadana theater hoskote,144303
T. Vijaykumar layout 1st cross Doddakanelli,743347
Hachamma Temple Kamanahalli,581197
Sree Narayana Nagar,643212
Seegehalli Kanmangala Post,572213
Chick Tirupati,517501
Margondhalli main road,611108
Prakruthi Layout,577006
Erappa Reddy Layout,577006
taj layout,577006
Ayyappa Nagar,201008
Canara Bank Layout,563162
Owners court,854109
JC Nagar,224181
Chelikerekalyan nagar,224181
Near Ramagondanahalli,244901
Subbaiah Garder,522616
Alfa Garden Layout,577006
Ekarajapura,562114
chandrapura,206127
Kurudusonnenahalli,560049
Embassy Golf links,700095
Laxminarayana Layout,577006
sri vinayaka layout,517507
Origin layout Seegehalli,572213
Byappanahalli,560049
Byalahalli,562107
Patel G Kullappa Road,152004
Near Whitefield Global SchoolChanasandra Main Road Whitefield,560066
Whitefield Near Delhi Public School.,110007
Punappa Layout,577006
Near Indira Nagar Sapna Book House,788112
PNS Layout,577006
Sri Nivas Reddy Layout,752024
PNR Layout,577006
Yamare,562125
Dandupalya,563146
Close to 80 ft road,783323
Devasandra Extension,560036
KEMPEGOWDA LAYOUT,577006
Outer Circle,313001
Konasandra,560105
Hegdenagar Kempegowda Layout,577006
Opposite to Meghna Nursing home,788737
Kithiganur K R Puram Pose,516247
K R Puram,516247
2nd stage K R Garden,570023
Ayyappanagar KR Puram,516247
1st stage,743347
Sri Venkateswara Layout,515003
HAL Layout,577006
Crimson Layout,577006
K R Puram Ayyappanagar,516247
9th Cross,563125
Shirdi Sai Layout,423109
Ediga road,783323
Kadaagrahara main road,611108
Vimanapura,560017
kr puram,516247
Vinayaka Nagar B Block,263145
Whitefield Gunjur,560087
Sathya Layout,577006
Belthur Medahalli road,783323
Behind prestige technostar IT building,190010
Stage 2 Domlur,570023
Basavanagar Bangalore 560037,560037
Kalyan Nagar,421301
Hope Farm,734224
Shivajinagar,412802
Kempanna Main Road Vignan Nagar,611108
Kammasandra road Ananth nagar,563121
Blue jay Sunshine hills,629164
Kugur,562125
Near Anandapura Circle Tc Palya,244901
NRI LAYOUT,577006
Jinnagara,572111
medahalli-belthur road,783323
KEB Colony,584143
Sompura gate,572121
Kada Agrahara village bidarahalli hobli 2 Bangalore,572125
Embassy Tech Village,143506
C V Raman Nagar. Nagvar Palya,151301
Ramamurthy nagar,201008
Subramani Layout,577006
Ngef Layout,577006
13th cross,563125
Belthur Road,783323
siddharath layout Kadugodi,560067
Honachanahalli,560049
Wind Tunnel Road,142047
EAST POINT MEDICAL COLLEGE,834009
Thomas Town,502103
Soukya Road,783323
Budigere main road,562129
new Airport Road,190007
Devki Apparao Layout,360370
Rayasandra,560099
Shanthi Layout,504251
SBI Bank Colony,134203
Rampura,151103
Gandhi Nagar,382845
Roshani garden,201005
ORR,786010
Chikkathirupathi,563130
Netravali Layout Maragondana Halli Bidarahalli Hobli,563162
Valepura,560087
tc palya,561206
Sri Sai Serenity layout,181131
Yelanka new town,600103
Green Domain Layout,700095
Pragathi Layout,577006
Ashraya Layout,577006
Jayanthi Nagar Hoysalanagar Horumavu,201008
KALKUNTE,560067
Dominic Layout,577006
Kolathur,600127
AECS layout Ablock,577006
Brindavan Layout,845450
St.thomas town post New post office road,141008
Varthur Road Sarjapur,582211
gunjur,560087
rajan kunte,805122
TC Palaya. Ananadapura circle.,845315
Surya city phase 3 block 9,110062
doda aladha mara,182202
mahadevpura road whitefield,383315
garden city university bangalore,560001
Maragondanahalli,560036
R.H.B colony,584143
Confident althena III layout Hoskote,562114
SOUKYA ROAD TIRUMALASHETTY HALLI,413518
Hagadur Road,783323
Chokkasandra,560099
Madivala,563130
K r puram Ayyapanagar,516247
Kgf Munireddy layout,577006
Medahalli Kadugodi Road,560067
Muniyappa Garden Layout,577006
Diamond College,743331
Nagavarapalya Main Road Old Madras Road Opp More S,803302
Khb Layout,577006
venkaeshwara layout mahadevpura,383315
Vannarpet Layout,577006
SARJAPURA,562125
pavithra paradise,190010
venkateshwara layout,563162
AECS Layout C Block Kundalahalli,577006
Deja View Park,190004
Gopalkrishna Nagar,201008
HENNUR MAIN ROAD OPPOSIT VINAYKA TEMPLE,611108
Hennur main road,611108
Swathantra Nagar,224181
1st Stage Indira Nagar,743347
Devanahalli,562110
Kumbena Agrahara,572125
Main road,611108
K Dommasandra,562125
pampanagar yeshwanthpur,560022
80 feet road Indiranagar,226016
KR Puram Bhattarahalli,516247
Jayalakshmi Mansion Electronics City Phase 1 Bangalore,560100
Siddhartha Layout,577006
Jagadish Nagar 5th Main 3rd Cross Kaggadasapura,223223
Krishnarajapura,560089
new airport road,190007
Chichuraganapalli - Thindlu Road Sarjapura Bengaluru Karnataka,562125
AECS Layout A Block,577006
varthur kodi,303328
Nagondanahalli colony road,783323
Byrappa Layout10th Cross Whitefield Police Stati,560066
Hope Farm Junction Whitefield,560066
Doddabasavanapura Extention Layout,563162
Sarjapura -Attibele Road,562125
Hoysala Nagar Horamavu,201008
acharya college,133207
Hennur Bande HBR Layout Hennur bagalur road,577006
B Narayanapura Mahadevpura Bangalore,562135
kodathi,560035
viveknagar extension,799130
Rahat Bagh,486446
ITC Infotech,411057
ananth nagar,224181
Sarjapur Atiebele Road,582211
Kithagnur KR Puram,516247
k.r Puram,516247
WHITEFIELD,560066
Cooke Town Pottery Rod,502103
Whitefield Steriling Grand,560066
H A L 3rd Stage,570017
Jeevan Bhima Nagar,283151
Hoskote Malur Road,562114
Bellandur,560103
lingapura,571107
Indiranagar 1st stage,743347
3rd B cross,591224
Anandpura circle,341508
2nd phase,721126
HSR HARLUR,560102
HSR 3 Sector,490006
Off Double road Indiranagar,455221
hsr layout,577006
Royal Placid layout,332709
Kodgehalli KR Puram Ayappa Nagar,516247
MEG LAYOUT UDAYANAGAR,577006
ECC ROAD INNER CIRCLE,313001
SONNENAHALLI MAIN ROAD,560089
KR PURAM Ayappa Nagar,516247
Sonnenahalli Main Road,560089
Ayappa NAGAR,201008
Ram Pura Kadagrahara,135001
Bidaralli Main Road,611108
Gunduru Kadagrahara Main Road,611108
BENSON TOWN,502103
Jedigenahalli Hoskote,562114
Jedigenhalli Hoskote,562114
bangalore,560001
kasturi nagar,481990
Lingarajapuram SVT Temple road Lokesh Tent road,249204
AECS LAYOUT B BLOCK,577006
K Narayanapura,562117
manjunatha layout,577006
Manjunatha layout,577006
nallurahalli,577538
siddapura,571235
lakshmi layout,577006
Manchappanahalli,562122
Sadananda Nagar,201008
Ayappa Nagar kr puram,516247
Versova Layout,577006
Whitefield Extension,560066
Hennur C M R Lay Out,562107
main road,611108
Whitefield Bangalore,560001
Near Whitefield,244901
Koramnagala Extn,560003
Koramangala Extention,560034
2nd Block Hrbr Layout Kalyan Nagar,421301
Jai Jawan Nagar,202126
kundahalli gate Munnekolala Green Garden layout,700095
Adarsh Palm Meadows Whitefield,560066
hope farm circle,734224
White Field,201003
tin factory,782482
mallesh palaya,614804
Laxmi Sagar Layout,577006
Hsr Layout,577006
bellandur,560103
Kr Puram,516247
Hulimavu,560076
bommanahalli,560068
KR Puram Off Old Madras Road,629161
HAL 1st Stage,743347
Doddanekkundi,560037
Someshwara Layout,562104
horamavu,560043
HSR Layout,577006
k r puram,516247
budigere,562129
BANASHANKARI 6TH STAGE,570023
banashankari 6th phase,110062
anjana pura,224172
banashankari 6th stage,570023
Sree Nanda gokula,813104
SARJAPUR ROAD,582211
kundanahalli signal,571107
Panathur road,560103
Halanayakanahalli,560035
Haralur road,572104
Doddakannalli,560035
Carmelram road,560035
HARALUR ROAD,572104
KASAVANHALLI ROAD,783323
kasavanhalli road,783323
amarajyoti layout,577006
sarjapur main road,582211
Devarabeesana Halli,413518
Sarjapura,562125
Sarjapura Road,562125
n nagenahalli kempegowda layout kothnour,577006
devanahalli,562110
krishnarajapura,560089
krishnarajapuram,560036
KRISHNARAJAPURA ( kR PURAM),560089
Vivekanand Nagar,201008
Bellandur Outer ring road,560103
TC palya,561206
soukya road,783323
yelahanka,560064
Whitefield channasandra,560066
HENNUR ROAD,783323
Bellandur Outer Ring Road,560103
SOPPAHALLI ANEKAL,562106
Kithaganur Main road KR Puram,611108
Kundalahalli Main Road,611108
HSR Extension,560102
MullurSarajapura Road,783323
Haralur Main Road Close to HSR,572104
tc palya road,572120
bellavi,572107
Haralur Main Road,572104
Kadugodi Main Road,560067
Whitefield dunnasandra,560066
Next To Soukya Center,521003
House number 22 third main 4th cross,788112
Kr puram,516247
Kudlu,671124
Whitefield soukya,560066
owners court westHosa road off sarjapura road,562125
Krishnaraja puram,571607
Vemgal Industrial Area,563102
Tc palya,561206
5TH BLOCK VISHWESHWARIAH LAYOUT,577006
Sarjapura road,562125
Muthanalur  sarjapura road,562125
basavanna nagar,201008
whitefield,560066
whitefield channasandra,560066
seegehalli,572213
CMH Road,783323
Channasandra Main Road,611108
SOUKYA ROAD,783323
ITPL Main Road,611108
GUNJUR AREA,560087
Sarjapur Road OPP New Wipro SEZ,582211
prithvi layout,563162
sarjapure road,783323
Indira Nagar 3rd Stage,570017
Behind isro,560094
Ex-Servicemen Colony,584143
FORUM MALL,226104
80 feet road indiranagar,226016
Peninsula park villa,143514
hoodi,560048
Soukya Road Bangalore,560001
Gururaja Layout,577006
hope farm signal,734224
Sarjapur Main Road,582211
CHANNASANDRA,560067
Whitefield main road,560066
Bommasandra,560099
off sarjapur road,629161
soukya road Bangalore,560001
varthur sarjapur road,582211
Hoodi Circle,313001
Whitefield soukya road,560066
kodgehalli KR Puram,516247
Dr.Rajakumar Road(Shani Mahatham temple road),414105
Lakshmamma Layout,577006
Whitefield hope form junction,560066
MEG Layout,577006
Rhb Colony,584143
Bande Bommasandra,560099
Ksfc Layout,577006
Bandapura,451224
sonnur,563130
Bhoomi Reddy Colony,281003
Banjara layout hormavu,577006
Nanja Reddy Colony,509325
Inasappa Layout,577006
K Channasandra next to John Paul Church.,560034
ccolumbia asia whitefield,560066
BTM 2ND STAGE,570023
Konadasapura,560049
Venkateshappa Layout,577006
channa sadra,441702
1st Stage Domlur,560071
Ashwath Nagar,224181
Vishwa Vihar,843324
Bagalur,635103
Shettigere,573115
Sahakara Nagar,224181
Yelahanka,560064
Hennur Road,783323
Jakkur,560064
Thanisandra Main Road,611108
Hebbal,416503
Chikkasandra,560049
Jayamahal Extension,560046
Kolar Road,563101
Abbigere,560090
Budigere,562129
IVC Road,783323
Chokkanahalli,563125
Hennur,573130
Old Town,791120
Near International Airport,190007
Singapura Village,782446
Nandi Hills,175124
Bhuvaneswari Nagar,201008
Ashirvad Colony,584143
Soladevanahalli,562130
Thanisandra main road,611108
Yelahanka New Town,560064
Maruthi Nagar,122102
Devanahalli Int. Airport,226008
Agrahara Layout,572125
Nagavara,562108
Century Sports Village,782446
Billamaranahalli,562157
Dollars Colony,584143
Manyata Tech Park,143506
Jakkur Lake,176216
Byatarayanapura,560092
Hirandahalli,560049
Bagalur Cross,635103
Amruthahalli,560092
Chikkanahalli,572121
Doddajala Village,562157
Near Devanahalli rto office,562110
Vidyaranyapura,577139
Sanjay nagar,470675
Sri Balaji Krupa Layout,563162
Hebbal Kempapura,563113
Telecom Layout,577006
Sadashiva Nagar,201008
Devanahalli town,562110
Nagenahalli,573115
Outer ring road Hebbal,582112
Sankey Road,783323
Mandur,670501
Hennur Airport Road,190007
RMV 2nd Stage,570023
Vidhyanagar Cross,563125
Vasanth nagar,201008
Jaya Mahal layout,573126
4th Block BEL Layout,563162
Horamavu Banaswadi,560043
Hegde Nagar,201008
Nagawara Junction,327606
Horamavu Agara,389140
Gkvk Layout,577006
Kothanur,635118
Judicial Layout,577006
Enrich Nisarga Enclave LAYOUT Abbigere,577006
hennur,573130
devanahalli town cmc limits,562110
Tata Nagar,212203
Armane Nagar,201008
Srirampura,562103
Arkavathi layout,577006
hennur main road,611108
Sriramanahalli Rajankunte ,562163
Bidrahalli,560049
H Cross,563125
10 Main Sadashiv Nagar,221310
Silver Oak,250611
Devanahalli Road,562110
Badrappa Layout,577006
Jayanti Nagar,140901
Dasarahalli,635305
Hennur Cross,563125
Sadahalli,562110
Aramane nagar,201008
Banjara Layout,577006
Hessarghatta,560089
Coffee Board Layout,577006
BDA Complex,181133
Ashwathnagar dollars colony sanjaynagar,181201
Kanaka Nagar,761028
Sanjeevini Nagar,224181
Nagasandra,572216
Vidyanagar Cross,384012
Yelahanka Harohalli,560064
SANJAY NAGAR,470675
rajanakunte,560064
kogilu cross,563125
Telecom Devenahalli Anighatta Village,782446
Devenahalli BSNL Plots Available Just 999 Sqft,250110
cgtrit housing society bagalur main road,411016
Telecom Railway an it Employess society,133102
Devenahalli BSNL Plots Available 999 Sqft,250110
Telecom smart city Bagalur,562149
Plots Sale In Bagalur,562149
Bagalur Main Road,611108
BSNL layout Bagalur,250110
Bsnl Railway Layout Budigere,562129
BSNL Housing Society Plots,180019
Bangalore-Hyderabad Road,500001
Kattigenahalli,562114
Doddaballapur Road,783323
Jangamakote,562102
Central Govt Housing Society Plots Budhigere,135133
hennur road,783323
hebbal,416503
Purvacity Group Nallur Road Somnath Halli,639110
NTI Layout,577006
MS Pallya,249001
Kannur,670001
Singanayakanahalli,560064
Divya Unnathi Layout,577006
Tirumanahalli,563136
MCECHS layout,577006
Virupakshapura,563128
vidyaranyapura,577139
Devi Nagar,134109
BEL Circle,261501
Bagalur Telecom Layout,563162
Baba Nagar,224127
R.T. Nagar,224181
Nandanam Colony,506313
Jakkuru Layout,577006
Yelahanka Bagalur,560064
Somnath Halli Budhigere,431517
Agrahara,572125
Bsnl telecom layout Devanahalli,562110
Ambedkar Colony,224149
Rajanna Layout,577006
Bellahalli,560064
Kempapura,563113
Coconut Grove Layout,577006
Shampura,394330
Tumkur Main Road,611108
richards town,502103
Muthyala Nagar,224181
Bychapura,561208
VAGATA village Jadagenahalli,562114
Basaveshwara Layout,577006
RMV,629161
veerashetti halli,413518
Kavalbyrasandra RT Nagar,201008
TC Palya main road,572120
Arkavathy Layout,577006
Reva university,461771
Gantiganahalli,561205
T Dasarahalli,635305
Gollahalli,515321
Irigenahalli,562164
Chikkabettahalli,562117
Angatta,562103
Agalagurki,562103
Bagepalli,561207
Jaladarsini Layout,577006
Lottegolla Halli,413518
Hancharahalli,560049
Madavara,562162
Sonappa Layout,577006
Telecom layout,577006
SV Prince town Kodigehalli  Magadi Road,562120
byadarahalli,571421
Whitefield Road,560066
Ganga Nagar,262906
telecom woods regency huttanahalli layout,577006
Maralakunte,562101
Ramakrishnappa Layout,577006
Vijayapura,301024
MM Layout,577006
kanka Nagar,201008
vaddarapalya cauvery nagar,622501
Hormavu Agra Lake,176216
Sonam Layout,577006
Ananthpura Gate,425501
Mallappa Layout,577006
North East Aero Vista,147111
Arkavathi Layout Jakkur,560064
Amam Enclave Layout,577006
K N Extension,515411
Adarshanagar Arisinakunte,508217
Prakruthi Nagar,224181
Nandi view gardens,190004
Naidu Layout,563162
near Devanahalli Bangalore International Airport,562110
Siddeshwar Layout,577006
Srirampuram,531127
Arkavathi Layout K Narayanapura,577006
Pillanna Gardens,524002
Provident Housing Marasandra Dodbalapur Road,561101
Kaval Byrasandra,562131
Ganigarahalli,636352
LBS Nagar,201008
Sidedahalli,560073
Anantapuram,515303
Talacauvery Layout,577006
Sinthan Nagar,201008
Bethanagere,562162
Arekere Bannerghata road,573134
Sanne Amanikere,562129
Gangondanahalli,562162
Kenchenahalli,577589
Yerthiganahalli,562157
SEGEHALLY GATE MAGADI MAIN ROAD,611108
Jala Hobli Yelahanka Taluk,560064
Ramnagar,205304
Yelahanka Baglur Cross,560064
Green Garden Layout Phase-2,700095
Gruhalakshmi layout Nelagadaranahalli,577006
Dibbur Rajanukunte Yelhanka,562101
Dr Shivarama Karantha Nagar,201008
Magadi Main Road Gollarahatti Near Nice Road junction,562120
Udayagiri,761016
Rachenahalli,560045
Muneshwara Block T- Dasarahalli,583219
Basaveshwara Nagar Yelahanka,560064
Anantpura,303302
Attur,560064
Sai garden vidhyaranyapura,174001
RT NAGAR,224181
KSR Main Road,335804
Pillahalli,562123
Near Trupti family restaurant,244901
Nandhi Nagar,224181
KRISHNARAJAPURA,560089
RMV Enclave DOLLORS Collony BANGALORE,722207
Shettihalli,562160
Lakshmipura Cross,561201
AECS layout Sanjaynagar,563162
Umar nagar,323025
jc nagara,284123
vemagal,563157
Binna Mangala,445102
Nagasandra colony Tumkur Road Bangalore 560073,572216
HBR Layout 5th Block,577006
Shamarajapura Village,782446
Kasaba Hobli,591120
Vashtu Layout,577006
green field garden 1,786102
Yeshwanthpur Industrial Suburb,560022
Near maramma temple,244901
K O Halli,413518
Malur Hosur Road,635109
jigni,210430
Vaddarapalya Tigalarapalya Main Road,561207
Horamavu Agara Main Road,611108
HILL LOCK LAYOUT,577006
Narasapura,563133
Neraganahalli,562110
Hesaraghatta main road,611108
Sreeramanahalli,562163
Ferrar Nagar,224181
Near Ayyappa temple,244901
Koti Hosahalli,171207
siddeshwara layout,577006
Nanjappa Circle,313001
Near Mother Theresa School,244901
Shivraj road,495113
Nethajinagar Kempapura,563113
Dodda Tumkur,572125
Kurubarahalli,561208
Mylanahalli,562123
Mesthri Palya,561206
Electronic City Phase I,110062
Duddanahalli,572129
Ganga Nagar Extension,203396
Attur Layout,577006
Sachidananda Nagar,224181
Giddapa block 4th cross,591224
Balagarahalli Village Attibele,562107
Byraweshwara nagara,284123
Sultan Palaya,193123
Byatarayanapur New Extension,110001
Papanahalli Village,782446
Navaratna agrahara,572125
Mathkur,560089
Rajajinagar shankar matt,621713
Aralasandra Village,782446
Suggatta,562157
indiranagar,226016
Mallur,507117
Kundana Circle,562110
Kogilu main road,611108
Arkavathy Layout Venkateshpura 3rd Block,563162
Bommasandra hosur main road,635109
Electronic City Phase 1,110062
Bangalore South,560004
Seshadripuram,560020
Kadabagere,562130
Kyalasanahalli,560105
Nandidurga Road,783323
Kannamangampalya Post Devannahalli Taluk,262122
Mallarabanavadi,562123
NITTE MEENAKSHI COLLEGE,133207
Nanjappa Garden,201005
Begur,562122
vishweshwaraiah layout 1st block,743347
haveri,581110
Nelamangala to doddaballapura road,562123
Muttugadahalli Jala Hobli,263126
Gauribidanur,561208
Meenakshi Layout,577006
Soladevanahalli Its A .E.Katha,562130
Kariobanahalli,560073
Kadabagere Cross,562130
Sidlaghatta,562105
Kuduvathi,562103
DIAOGNALLY OPPOSITE PRESTIGE GULMUHOR,190004
Hesarghatta Kempapura Hobli sit for sale,143526
Hesaraghatta Main Road,611108
Sripuram,500036
Rajiv Gandhi nti layout 2 nd phase,560076
Immadalli road Hagadur,783323
Lingadeeranahalli,560091
Ajjanahalli Near Dodda Aalada Mara,561201
om circle,313001
HAROHALLI VILLAGE,570028
J C Nagar,224181
Munireddy Layout,577006
Atmananda Colony,584143
Lakshmipura,561201
Vishwanatha Nagenahalli,573115
BDS Layout,577006
Near Marenahalli Panchayat Office Near to KIADB,577528
GIDADAKONENAHALLI,560091
Devasandra,560036
Ramchandrapuram,505528
Anantapuram Yelahanka,560064
Anjana Nagar,224172
ITC Factory,516101
Nagreshwara Nagenahalli,573115
Old Baiyyappanahalli,791120
Escorts Colony,584143
HMT Layout Nagasandra main road,305003
KRS GOWDA EXTENSION,521002
Benergatta Road,783323
IVC Road Thindlu junction,521105
chikkaballapur Taluk,262122
Chinnapa Garden,201005
Prakruthi layout,577006
bsk 3rd stage,570017
Pipeline road Mallasandra T Dasarahalli,561207
RMV Extension Stage 2,570023
New Byapanahalli,783381
Shivakote,560089
Howthinarayanappa Garden,201005
Anjanappa Layout Horamavu,577006
RMV Extension,629161
Anchepalya,560074
Sharadamba Nagar,224181
Narsipura,331304
Dr layout,577006
godrej reserve,176031
Kogilu Cross,563125
Srinidhi Layout MS Palya,572120
dasanapura hobli,572130
Sidedahalli Tg halli,413518
Abbigere Near Rainbow International School,475110
Ganganahalli,562103
Alur Dasanpura Hobali Banagalore 562123,573213
Anjinappa Layout,577006
Bahubali Nagar,201008
AMS Layout,335501
Hullegowdanahalli,562162
Doddadenahalli Kannur,670001
Muneshwara nagar,201008
jala hobli,263126
2nd Block Bel Layout,721126
M M Layout,577006
Chikkajala,562157
Mahadeva Kodigehalli,561203
Kasagat Pura loordnagar Panchayat Site,516129
Ganganagar,788099
Tharabanahalli,560090
Hennur Gardens,524002
Coconut Garden,201005
Jala hobli,263126
Tala Cauvery Layout,344702
Thirumenahalli,560064
Sathanur,518349
Hennu kannur road,670001
Allalasandra,561203
Viru Paksheswar Nagar,201008
bBHARATHNAGAR 2ND STAGE 6TH CROSS 3RD MAIN BANGALORE,570023
Sri Sai krishna residency,181131
Near Hoskote,562114
bharathnagar 1st stage bengaluru 560091,560091
Hiremath Layout,577006
old guddadha halli,791120
Huttanahalli,562157
NO.4 KEMPAPURA MAIN ROAD YEMALUR VILLAGE,563113
manorayana Palya 5th Cross R.T. Nagar,572120
VINAYAKANAGAR,577530
Sapathagiri layout,577006
Adarsh Nagar,333023
Kempe Gowda Nagar,201008
Jakkur Plantation,562114
Shettigeri Village,782446
1st Block BEL Layout,743347
Surabhi Layout,516259
CBI Road,783323
Rahmath Nagar,201008
Marasandra,561101
Adakamaranahalli,562120
Exserviceman Layout RK Hegdenagar,577006
AGB Layout Chikkabanavara Bangalore 560090,560090
India,226028
Dollars sceam colony,584143
Vijaya Bank Colony Extension,586103
Kumbarahalli,573137
Nehru Nagar,224190
Vinayak Nagar,201008
RWF West Colony,799045
Arabic College Post,133207
Averahalli Dasanapura Hobli,562159
Hesaragatta road,783323
Hunasamaranahalli,562157
SanjayNagar,402202
orchid woods,629155
HMT Layout,305003
KENGERI SATELLITE TOWN,560060
1km from D-mart,305404
parvarthi nagar,224181
Seenappa Layout New BELRoad Bangalore,560001
singapura layout,563162
Venkatapura North Taluka,561202
Lake View Appartment Guddadahalli Near Chikbanaba,515271
Dena Bank Colony,390022
Nagareshwara Nagenahalli,573115
srinivasa layout,577006
Bangalore Karnataka,560001
mayanna layout,577006
Nehru road,490020
bangalore-chintamani road,563125
Chamundeshwari Layout,577006
K.G.Srikantapura,583130
Prakruthi Township,145029
Srirampura Jakkur Post,562103
Chandra layout,577006
Jalige IVC road,562110
AGB Layout,577006
new bel road,261501
Kumaraswamy Layout,521457
Vaderahalli,572132
Maruthi Sevanagar,560033
Bisuvanahalli,562163
Yeshwanthpur hobli,560022
Amar Layout,577006
sir m visvesvaraya layout,190005
Kakolu,560089
Asha Towh Belishivalaya,209859
Near Vani School,422202
Kondenahalli,562103
Postal Colony,360004
Muniveerappa layout,577006
Jalahalli East,584116
Aadiganahally Rajanukunte,560064
Kacharakanahalli,560087
doddasanne,562110
Close to airport and Hebbal,190007
Arkavathy layout near Manyata Tech Park back gate 5,143506
shanthinagar devanahalli,562110
Railway Mens Layout,577006
Gopalpura Near Hesarghatta,326039
Sonam layout,577006
CMR University Bagalur,562149
YELAHANKA DODdABALLAPUR ROAD,560064
8th block sir m vishveswaraiah layoit,190005
Anandapura TC Playa Main Road,611108
Bhrappa layoutTata Nagar Hebbal,416503
Devanahalli Town limits,562110
Kodagahalli,571417
Near Saibaba temple,244901
Narasapura industrial area,563133
Malamachanahalli,562102
M S R Main Road,611108
Rampura Hennur Road,573130
SAPTHAGIRI ENGINEERING COLLEGE,133207
SRIRAMPURA,562103
Bangalore rural,560001
SBM Colony Mathikere,562120
H cross,563125
Balaji Layout Babusapalya,577006
Geddalahalli opp to kothnur police station,560077
Kalmangam Pallya,249001
HAL 2nd stage,570023
Dinnur,635117
Sadenahalli,561211
Kanva Garden City,562108
Agrahara Badavane,572125
Bandaramanahalli,562129
kundana hobli Devanahalli,562110
Behind Janapriya apartments kadabagere cross Magadi Road,562130
Singapura,571455
residential plot,360006
Bashettihalli Industrial Areas,535004
Electronic City Phase II,110062
Balaji Layout,577006
Bhavani Nagar Channanayakanapalya,638301
begur road,562122
Gruhalakshmi Layout,577006
Govindpura,303803
Hurlagurki,562164
Manorayana Palya,561206
Mittaganahalli,562149
Bhuvaneshwari Nagar R T Nagar,224181
Dhammanagi Tulip Garden,201005
RS Palya Opp To Coperation Bank K.Halli MN Rd,572120
Aishwarya Aerogrand Devanahalli,562110
Toward Tymagondu Road Narsapura Village Nelmangla,782446
Shivakote- Sri Lakshmi Venkateshwara Layout,560089
Bommanahalli,560068
Bettanahalli Village Kundana Hobbli,562110
HBR Sy No 84/2 ETC (RING ROAD),495113
Yellupura,562163
Bagalur cross,635103
Nelgadranahalli next to HMT layout,305003
SFS 407 4th Phase Yelahanka New Town,560064
Ashok Nagar Medhalli,262904
Near BIAL Road,244901
Govindapura,562111
Banaglore - Bettenahalli Village,782446
Bagaluru(hosur),635109
K.Narayanapura Kothnur,562105
dasanapura,572130
MS Ramaiah Layout,577006
Banaswadi.,560043
belathur kadugodi maruthi layout,560067
Sarjapur-Bagalur Road,582211
HMT layout vishveshvaraiah nagar ganga nagar,305003
Alur,573213
Kirloskar Layout,577006
Gangamma circle,313001
Sir M V Layout,190005
ChikkajalaBangalore-Hyderabad Highway-562157,500001
Chamundi Nagar Seethappa Layout  Hebbal,570010
Williams Town,502103
Raj Mahal Vilas Extension,143105
Behind Khodays Call Cente Kanakapura Main Raod,562117
Arkavathy layout 9 block,577006
Palace Guttanhalli,301022
8th Mile,744206
Pampa Extension,685533
Rachamanahalli,562106
Nagarbhavi 2nd stage 3rd block,721126
Meenakunte,562157
Muniswamy Gowda Layout,577006
Guttahalli,635107
1 stage,570023
Sri Venkateshpura Layout,577006
1st N Block,782428
Devara Jeevanahalli,491111
KHB Colony Extension,577302
Chikka Bommasandra,560099
Sondekoppa,562130
sharadamba nagar,224181
Ganganagar Extension,515411
KHB COLONY,584143
nelamangala,562123
Anand Gokul Layout,388001
2 ND PHASE B - BLOCK,110062
Bharath Nagar Colony,143532
Channahalli,584128
Sbm Colony Mathikere,562120
6th Cross,563125
Tc palya main road,572120
Ganigarahalli ganapathi nagar chikkabanavara,560090
Chamundi Nagar,201008
Telecom Layout Green Field Garden 4,190004
Amarjyothi Layout,577006
Shambhavi Nagar,224181
BHOOPASANDRA NEW EXTN,572125
Kadusonnappanahalli,562149
Subramanya Nagar,201008
Near Sambram Collage Vidyaranyapura,577139
Shanubhoganahalli,563103
Mogalakuppe VillageGollahalli Gram PanchayathKasaba Hobli Chickballapur,562101
Kogilu Village,782446
Kannur Post,670001
Nagrur near golden palms,620004
Thammaiah Garden,201005
M.S Palya,561206
KUVEMPU NAGAR,201008
babu reddy layout,563162
BALAJI LAYOUT KAGGADASAPURA MAIN ROAD C V RAMAN,611108
Palace Guttahalli,635107
K Narayanapura Prashanti Nagar,562117
Srinivas Nagar bangalore 560050,560050
Modi Garden J.c Nagar Post,201204
JAYANTHINAGAR MAIN ROAD,611108
K r Puram Bangalore,560001
Close to Sri Chaitanya School,135133
kalenaagarahara bannerghatta road next meenakshi temple bengaluru,560076
Shirdi Sai Nagar,423109
Gokul Extension,233002
Chowdeshwari Layout,577006
CQAL Layout,577006
Behind KEB Subhash Nagar Nelamangala,562123
Near vidhanasouda layout,577006
MLA Layout,577006
Paschim County,736121
Doodamma layout,577006
Bellari Road,783323
B K Nagar Yeshwanthpur,201008
Mahalakshmipuram,524002
Magadi Road Machohalli,562120
Sri Rama Temple,517526
Akshaya nagar,224181
Krishna Layout,577006
Bilijaji hesarghatta,560088
panchavati layout,577006
SLN enclave doddabidrekallu nagasandra post,572216
Medahalli Main Road,611108
Kanshiram Naga,737120
MS Palya,561206
BYATARAYANAPURA,560092
Durgamba Layout ( Near Reva College),461771
Manyatha Teck ParkHebbal Bangalore,560001
HUNASAMARANAHALLI,562157
Singapore layout,577006
Sunkada Katte Magadi Pipe Line Road,562120
Sarjapur Attibele Road,562107
Near old keb road,791120
Srikrupa Layout,577006
Opposite Janapriya apartments,190004
Avverahalli,562111
Bangalore West,560001
Narasapura industrial area.,563133
Defence Layout Thanisandra,201005
sanjaynagar,402202
Adityanagar,394516
Veerapura,562163
Ayyappanagar. Devasandra KR PURAM. BLORE,516247
Medahalli Virgonagar Post Kanakappa Layout,560049
Attur layout,577006
Govinda Chetty Colony,560042
Bhoo Vaibhav Residential Layout,345001
PHASE 2 ANANTH NAGAR PHASE 2,110062
Varadanahalli,562163
Chokkahalli,562103
Jayamahal,560046
HMT LAYOUT nagasandra,305003
Nagareshwara Nagenahalli Narayanapura,562117
Koppa - Begur Rd Eagle Ridge Ckikkakammana halli,461331
Nanjundeshwara nagara Nandini layout,490036
Vyalikaval,560003
Pushkarni Road OPP Bbmp Office Old Town Yelahanka,791120
Vijaypura,206245
Doddabasthi main road,611108
Purushanahalli,561204
Hennur Rose garden layout,563162
Raghavendra circle Ramamurthy nagar,313001
New Baiyyappanahalli,783381
pillamma block,110083
Shampura MAIN ROAD,394330
Hbr layout,577006
Chola Nagar,201008
Vivekananda Layout,577006
Dasanayakanahalli,562149
Muneshwara block,110083
Kuvempu Layout,563162
Sri Krishna layout,577006
Dr.Shivram Karanth Nagar,847233
sahakara nagar,224181
Doddabettahalli Layout,577006
SBM Colony,584143
Harohalli Yelahanka,560064
Bahubali nagaR,201008
Anand Nagar,388001
Bangalore University,560001
Attur Layout Santhosh Nagar Yelahanka,560064
santhosh nagar 6th cross dead endpipe lane road,190005
NARAYANAPURA KOTHANUR,635118
Agrahara Yelehanka,572125
chokkanahalli,563125
AGB layout phase 3 Hesarghatta road,577006
Bhoomika Layout,577006
Hosur agricultural land,635109
Agara,389140
Guni Agrahara,572125
AGB Layout Chikksandra Hassarghatta,577006
Kanteerava Studio,390019
Near Devanahalli Chennarayapatna,562110
Reva College,461771
Raghavendra layout kammagondanahalli,577006
Arkavathi Layout,577006
mallasandra,561207
SVS Windgates,785664
Hesergatta main road,611108
Byraveshwaranagara laggere,560058
GD Layout,577006
Banasavadi,562130
Kanakadasa Layout,577006
Maranayakanahalli,571432
St Thomas Town,502103
Padmanabha Nagar,224181
Palanahalli,562127
dibbur shanboganahalli,562101
Rajiv Gandhi Nagar,382845
Gummanahalli,572137
Ramaiah Layout,577006
Kaverinagar,635104
Adjacent to HMT layout,305003
Tumkur road,572102
Amco Colony,783323
Airport South Exit,190007
Near Prakash theatreNehru Nagar Yelahanka,277204
Vinayaka layout Shettihalli abbigere,562160
Horamavu Bangalore,560001
Kaiwara Hobli,563128
Thotadagudda Halli,413518
Opp Muninagappa Layout,577006
Raghavendra Layout Kammagondahalli,577006
Singapura garden,571455
Vidyanagar,384012
Yelahanka New town Bangalore North,560064
Dibburu,560089
Siddeshwar layout,577006
kasavanahalli,572224
Nandi Cross,591224
RAJANAKUNTE ADDE VISHWANATHAPURA,560064
Dwaraka Nagar,534426
1st block Sir M Vishweshwaraiah Layout,743347
Near KIADB Aerospace sez,244901
8TH MAIN MALLESHWARAM,190020
Kanva Garden City Phase 2,562108
SRINIDHI LAYOUT 8th MAIN VIDYARANAPURA,577006
Doddabettahalli Vidyaranyapura,577139
maple green layout,530052
Huskur Road Dasanapura Hobli Bangalore 562123,560099
4th Block NTI layout Vidyaranyapura,577139
RMV 2nd Stage Kalpana Chawla Road,721126
Govindaraj Garden,201005
Byalakere,562127
Arakere,562163
vidya nagar,304022
thirumenahalli main road,611108
Attibele - Anekal Road,562107
Bharat Enclave Layout,577006
Lake view garden road K channasandra hourmav,190004
Sri Krishna Garden,515003
kasagattapura,560090
Kogilu Cross Jayasurya Nagar 3rd Phase 'A' Block,110062
Shanthinagar,560027
P&T Colony,335063
Bharath Nagar Vishwaneedam Post 2nd Phase,721126
Kogilu Srinivasapura,561203
Kannuru,531019
Doddaballapura Main Rd Yelahanka Marasandra,560064
Sharkar Mutt,500029
Hennur New Vinayakanagara,573130
Bda nagarbhavi 2 ND stagenear to outer ring road and Zen park,560072
Vaishnavi Layout,577006
Ashwathnarayana Enclave,201009
Abshot Layout,577006
Anandpura tc palya,572120
Chikkasanne,562110
Malleshwaram circle,313001
Suryavanshi Layout Doddaballapur Road Yelahanka,560064
Near Sahakar Nagar,244901
Jala Hobli,263126
Yalahanka Hobali,573216
Singapur Paradise Layout,577006
Singapura Paradise Layout,571455
Vidyaranyapura Sapthagiri Layout,577139
Kasturinagar,382423
Rahutana halli,413518
Soundarya Layout,577006
Devaganahalli,562104
Rachenahalli main road,611108
Ravuthanahalli Nelmangala,562130
Ayyappanagar. Devasandra. KR Puram. Blore,516247
Navarathna Agrahara,572125
APC Circle Jigani,560105
18th cross malleshwaram,563125
Achit Nagar,224181
K R S GOWDA EXTENTION H M T LAYOUT NELEGADIRENAHALLI NAGASANDRA,560102
Shirke,402105
Yerralakkenahalli,561209
Navarathna Agrahara Village,572125
Ganga International School,475110
JNANABHARATHI 2ND STAGE MARIYAPPANAPALYA,721126
Avalahalli Yelahanka Bangalore North,560064
seven hill county Vaderahalli,572132
Sathnur,571402
Yelahanka maruthinagar,560064
Akshaya Nagar yelahanka new town yelahanka,560064
Kodipalya Village,782446
BELLARY ROAD,583101
NH Service Road Rani Cross Nandi Cross,562101
Ramanashree California Gardens Layout,524002
Nitte Meenakshi College Road,133207
IVC Road Devanhalli North Bangalore Bangalore,560001
Tatanagar,831002
Sanjaynagar,402202
banaswadi,560043
narayanapura cross,562117
rampura,151103
Hennur Bagalur Road,635103
yelahanka  singanayakanahalli,560064
1st Block RT nagar,263145
iSRO Lay Out Yelahanka,560064
Shivram karat Layout,847233
VIDYARANYAPURA,577139
Yadavgiri extension,515411
G Block,110083
A Block,110083
Sahakarnagar G Block,110083
HRBR 3rd block,782428
K Narayanapura Main Road,611108
bagalur,635103
bagalu,175023
aswath nagar,224181
Madakuhosahalli,562103
budigere cross,562129
Karthik Nagar,201008
oil mill road,722137
NAGENAHALLI,573115
Hennur main Road Reddy Layout K. narayanapura,611108
Hennur main Road chikkagubbiBileshivale1km by byrathi,611108
jayanthinagar main Road,611108
Thanisandra P&T layout,577006
RMV extension 2nd stage,721126
Bank Avenue,143008
madahalli,571430
Kalkere K Channasandra,572201
off hennur road,629161
off henur road,629161
thanisandra,560045
Thindlu,560067
Gkvk layout,577006
central Excise Layout Sanjay nagar,563162
ITC Road,783323
kenchenahalli,577589
Hennur road,783323
coffee Board Layout,577006
Sneha Nagar,224181
Reserve Bank Colony,721132
KR Puram Old Madras Road,791120
Kogilu Pelican Grove,192305
kalyan nagar,421301
venkateshwara nagar,201008
Suryodaya layout,577006
isro layout,577006
5th Block HBR Layout,577006
Race Course Road,643001
Udaya Layout,577006
dollors colony,584143
Arkavathy 11th Block Bda Layout,577006
East Colony,584143
Defence Layout,201005
Yelahanka Duo Marvel,560064
Judicial Layout Yelahanka,560064
Nagavara Metro Station,562108
Bynahalli,563132
Coffee Board Layout Chikka jaala,577006
Indra Nagar,628702
Devanahalli Budigere Road,562129
Devanahalli - Budigere Road,562129
SINGAPURA PARK,785609
Byregowdanahalli Village,782446
devanahalli town,562110
Vinayaka layout Bhoopasandra Rmv 2nd Stage,572125
Chinthamani,605601
amco layout,783323
ivc road,783323
Singarahalli,563120
dodballpura road,783323
Balaji Layout Kodigehalli Main Road,611108
Nandi Hills road,175124
Nelamangala toll,562123
AERO Space Park,147111
Sapthagiri enclave,190005
MCECHS LAYOUT 1ST FFACE,743347
mcechs 1st face,743347
mcechs layout,577006
Gangrekaluve,562101
Vidyaranyapura Chamundeshwari Layout,577139
SAHAKARA NAGAR,224181
medihalli,562107
SADASHIVA NAGAR,201008
bangalore chikkabalapura,560001
Park View Layout,190004
D BLOCK OF SAHAKARA NAGAR,263145
Kogilu yelahanka,560064
ashwath nagar,224181
DEVANAHALLI,562110
Lower palace orchard,301022
National Public Schoool Kalkere,577531
At Vidyaranyapura,577139
Brigade Orchards Devanahalli,562110
international airport road,190007
Hesaraghatta,560088
A BLOCK,110083
chandra layout,577006
devanahalli road,562110
MCEHS layout,577006
P&T Layout,335063
Cn palya,561206
1st main teachers layout,743347
Vasanthappa block,110083
Vishwanathapura,562110
NH 44 road,783323
kavalbyrasandra,560032
Venugopal Nagar,224181
Nanjappa Layout,577006
MCECHS layout Ra,577006
Malleshwaram- Margosa Road,783323
Hoodi Layout,577006
Laggere bridge,282006
Seethappa Layout,577006
Happy garden phase3 kithakanur village. Bidaralli main road.,793007
Dwarka Nagar,361335
Veerenahalli,560049
Prakruti township,145029
5th Block Bel Layout,577006
RT Nagar,224181
Vyalikaval HBCS Layout,577006
Sidhi Vinayaka layout virupakshapura kodegehalli Bangalore 97,517507
Dodda Byalakere,572125
RK Hegde Nagar,201008
rk hegde nagar,201008
tatanagar,831002
Gantiganahalli Yelahanka,560064
B K Nagar,224181
KEB Layout,577006
Karivobhanahalli Andralli main road,611108
Near nagarbhavi,244901
makali,562108
Vidyaranyapura last Bus Stop,799278
Mysore Lamp Employees Comparative Society Layout,570016
Christ Academy,221003
byrathi cross,563125
Adityanagar vidyanaranapura,394516
Sonnappanahalli,562157
Near Stone Hills School,643002
Byatarayanapura Amruthahalli,560092
Nagarur Dasanapura Hobli Nelamangala Bangalore North,562123
Railway Golahalli,180012
ISRO LAYOUT YELAHANKA,560064
CNR LAYOUT,577006
BEL Road,261501
Pennfield Garden Telecom Layout Jakkur,560064
Uas Layout,577006
KENGERI SETLITE TOWN,560060
8th Phase JP Nagar,110062
JP Nagar,224181
Electronics City Phase 1,560100
Kanakapura Road,562117
Chandapura,560081
6th Block Jayanagar,764005
Banashankari Stage II,570023
Kalena Agrahara,572125
Ananth Nagar,224181
5th Phase JP Nagar,110062
Silk Board,562161
Hosur Road,635109
Koramangala,560034
Kariyammana Agrahara,572125
Venugopal Reddy Layout,577006
Panduranga Nagar,201008
2nd Phase Judicial Layout,721126
Hosa Road,577415
Kudlu Gate,671124
BTM 2nd Stage,570023
Gottigere,560083
Chikkalasandra,560061
Kaggalipura,571417
BM Kaval,562131
Begur Road,562122
9th Phase JP Nagar,110062
Hosur Road Shoolagiri,635117
ISRO Layout,577006
Banashankari Stage VI,570023
Doddathoguru,560100
6th Phase JP Nagar,110062
Iggalur,562138
Jayanagar,764005
Iblur Village,782446
Srinivasa Nagar,516101
Donnenahalli,562130
Subramanyapura,560061
Doddakallasandra,560062
Bannerghatta,560076
Akshaya Vana,313602
Akshayanagara West,721122
Sector 4 HSR Layout,577006
Daadys Gaarden Layout,577006
1st Block Koramangala,560034
Teachers colony,181201
ITI Layout Near HSR,577006
Doddanagamangala,560100
Akshya Vana,313602
Yadavanahalli,562107
Sarjapura - Attibele Road,562125
Shree Ananth Nagar Layout,563162
Sector 7 HSR Layout,577006
Arekere,573134
Venkatadri Layout,500088
Banashankari Stage V,570023
SRINIVAS NAGAR,201008
Naganaikanahalli,562106
4th Phase JP Nagar,110062
Basapura,583214
Soppahalli,562101
7th Phase JP Nagar,110062
KPC Layout,577006
petra pebbles layout,577006
8th Block Jayanagar,764005
Raghuvanahalli,560049
Konanakunte Cross,563125
Singasandra,560068
SRINIVASA NAGAR,516101
RAJARAJESHWARI NAGAR,201008
Green Glen Layout,700095
Reliaable Tranquil Layout,577006
Chichuraganapalli,635103
VARATHUR HOBLI,517421
Sector 6 HSR Layout,577006
Bharath Housing Society Layout,577006
BK circle,313001
BASAPURA,583214
4th T block Jayanagar,764005
Dollars Layout,577006
1st Phase JP Nagar,110062
Yelachenahalli,560078
Santrupthi Nagar,224181
Anjanapura,577214
Ranka colony,491335
Dairy Circle,202122
Vasanthapura,560061
Hanumagiri Nagar,224181
chikkalasandra,560061
Isro Layout,577006
begur-koppa main road,577550
Vittasandra,560068
koramangala 6th block,560034
6th cross 6th block,591224
Phase 1 Kammasandra,563121
4th Block Koramangala,560034
Classic Orchards Layout,577006
Oppsite to TR hospital,799006
Banashankari 6th Stage 6th,570023
Neeladri Nagar,224181
Ittamadu,562109
Gattahalli,560099
Karuna Nagar,201008
1st Block Jayanagar,743347
Kashi Nagar,244411
HOSA ROAD JUNCTION,577415
Sun City Layout,201014
Giri Nagar,171205
chudasandra main road,611108
5th Block Jayanagar,764005
Sulikere,560060
Mythra Enclave,201009
1A Block Koramangala,560034
Marsur,562106
Poorna Pragna Layout,577006
Somanahalli,571605
21 Hosur Main Road,635109
9th Block Jayanagar,764005
Navaratan Gardens,524002
BTM 2nd Stage Mico Layout,721126
Chuchangatta Colony,584143
4th Block Jayanagar,764005
Mutthanalur Cross,563125
Lal Bahadur Shastri Nagar,229311
BTM 4th Stage,570023
3rd Block Koramangala,560034
aecs layout,577006
Aecs layout singasandra,577006
Vijaya Bank Layout,586103
Near Shirke Apartment,244901
krishna garden city,521111
Banashankari,560085
Lingapura,571107
Kanakapura,562117
Navodaya Nagar,201008
Narayana Nagar 3rd Block,322242
Chandapura Anekal Road Lingapura Bangalore,562106
Near Bygadadhenahalli,244901
4th block,110083
7th Block Jayanagar,764005
Bank Colony,851211
Kamakya Layout,577006
Chunchanakuppe,562130
New Bank Colony,795113
Choodasandra,560099
2nd Block Jayanagar,721126
3rd Phase JP Nagar,110062
BGS BRUNDAVAN LAYOUT Bidadi,335062
Vikram Nagar,243503
Poornapragna Housing Society Layout,577006
Shantiniketan Layout,577006
AGS Layout,577006
Visl Layout,577006
Narayana Nagar 2nd Block,721126
KR Layout,577006
6th block Koramangala,560034
2nd Phase JP Nagar,721126
T. R. Nagar Thiyagaraja Nagar,201008
T. R. Nagar Thiyagaraja Nagar Corporation,613204
Nataraja Layout,577006
Banashankari Stage I,570023
3rd Block Banashankari,782428
Bank Of Baroda Colony,126115
Nrupathunga Nagar,224181
Chennammanakere Achukattu,631502
Mylasandra,560068
Bg road,783323
Sector 2 HSR Layout,577006
Ckikkakammana Halli,413518
Rajapura,341301
Naganathapura,560100
Muneshwara Nagar,201008
Pillaganahalli,560100
Gulimangala,560099
Mico Layout,577006
62/1 And 62/2 Gottigere,744209
Nadaprabhu kempegowda layout,577006
Hemmigepura,560060
Srinagar,190001
Rr Nagar,224181
Azad Nagar,262904
meenaskhi paradise stage 3 koligate farm basavanapura,574241
Channenahalli,572107
Suryanagar,263148
Banashankari Stage III,570023
RK Layout 2nd Stage,570023
ganapathihalli ramohalli,560074
Gangasandra,561208
Dasarahalli Hebbal,583219
Vajarahalli,572135
Konanakunte,560062
Nandanavana Layout,577006
Junnasandra,560035
Parappana Agrahara,572125
Electronics City Phase-1 Chikkathoguru,560100
Bohra Layout,261202
Muthurayya Swamy Layout,577006
Chikkanagamangala,560099
Kuntlu Reddy Layout,577006
Priyadarshini Layout,509133
Priyadarshini layout bharat nagar,509133
manjunatha colony,584143
Income Tax Layout Byadarahalli,563162
Chandana,136027
Tejaswini Nagar,224181
Jigani Anekal road,476001
Kalidasa Layout,577006
Mahadeshwara Nagar Mangammana Palya,561206
3rd Block,782428
jpnagar phase 7,110062
Jigani-Bannerghatta road Koppa gate,476001
Nagegowdanapalya,572220
Konappana Agrahara,572125
Thirupalya,560099
Thattanahalli,562106
Chikka Thirupathi -Hosur-Malur Higway,635109
Hullahalli,571314
Keerthi Layout,577006
Gangadhara Nagar,517125
Shivanahalli,562117
Kumbalagodu,560074
Krishnarajapuram,560036
Channasandra Layout,577006
ITI Layout,577006
Venus County Haragadda,190004
14th cross street,629704
Yediyur Thuruvekere Tq  Tumkur Distrit 100 Km Fro,572142
palm springs layout,577006
Haralur,572104
balaji layout mallathahalli,561203
Nagarbhavi mysore road,560072
New Friends Colony,110025
Doddabele,562132
VGP Layout,577006
Aragadde Jigani,560105
Basavanapura Bannerghatta Road,560076
4th H Block,110083
BTM 1st Stage,743347
GPR GRANDE CHANDAPURA ANEKAL TALUK,562106
Brindavan Nagar,845450
Ramanagara,562159
Virat Nagar,303102
The Greens Apartment Attebela,221010
Siddanna Layout,577006
Aecs Layout A Block Singasandra Bangalore,560068
Shankarapuram,516002
Anjanadri Layout,577006
Gunjur Mugalur Road,572221
Kachanayakanahalli,573212
Dream Paradise Layout Aishwarya Crystal Layout,577006
Friends colony,584143
Hanumageri nagar padmanabhanagar,224181
Thirumagondanahalli,561205
hsr sector 1,490006
Kempegowda Nagar,224181
banshankri 1 stage,570023
Bidaraguppe,562107
Nandhi Hills,794104
Upkar Spring Field Neraluru,201003
vinayaka nagar,517507
Guddahatti,562107
Ganapathihalli,562130
Attibele Bangaru Southa Bangalore,562107
KHB SURYA CITY PHASE2 Chandapura,221010
champakaswamy layout,577006
Haragadde,560105
Gurudatta Layout,577006
Bannerghatta Lakshmipura,561201
Laxmi road,271208
Dwarkanagar Channasandra,843119
Vaddarapalya,561207
SLN City Doddamaranahalli Chunchguppe,134003
suryanagar phase 2,263148
Yelenahalli,560068
Huskur,560099
Lakkasandra,563130
Arehalli,563102
Neelasandra,562160
Kambipura,560074
Magadi Road Tavarekere,562120
Hennagara,560105
begur hobli,562122
Chanasandra Road Whitefield,560066
Bommasandra Industrial Area,560099
Surycity Phase 2,110062
Raynal Garden,201005
NEWGURUPPANApalya Tavarekere Bangalore,562130
Gowdanapalya,562127
Ashok Nagar,262904
Chandra Reddy Layout,577006
Addischetan Layout,577006
Kudlu Gate ACC Layout,563162
Laxmipura,304505
Huskur gate,560099
KP Agrahara Magadi Road,562120
Near cake of the day,244901
Behind Bharati City,395003
Byatarayanapura new extension,110001
Near Kodipalya Bus Stop,799278
S. Medahalli Village Sarjapura Hobli,562125
Vijaya bank,586103
Akshayanagara East,533294
Dyavasandra,560105
Doctor Layout Rayasandra,563162
New guddada Halli,577221
Rama Krishna Nagar,143604
Cheluvadi Palya,561206
gyan ganga nagar,262906
Haragadde Jigani,560105
Chunchanakuppe Doddaalada mara,562130
Anekal Road,562106
Yashodamma Layout,577006
Ashwini layout,577006
Str Ring Road - Thally Airport RoadAnekal,635118
2nd main 4th cross vinayaka nagar adugodi post Bangalore,517507
avalahalli,560064
Str Ring Road - Thally Airport Road Anekal,562106
Anjana pur 11 BlockKembattahalli,224172
Haragadde Village,560105
Milestone Palms Layout,577006
Hegganahalli cross,562110
Kurubarapalya Dodda Aladamara,572125
Str Ring Road - Thalli Airport Road Anekal City,562106
Thataguni,560082
Anekal-Thally Airport Road,635118
near garvebhavipalya lakshmi layout beyond mathas school,577006
Minhaj Nagar,224181
Giddenahalli,560105
Banashankari Stage VI block VI,570023
Munueshwara block,110083
Plot No 2,360490
Nyanappana Halli,413518
Electonic City,134003
Kallahalli,562117
Uttarahalli circle,313001
Thyvakanahalli  Sarjapura - Attibele Road,562125
Pramod Layout,577006
Backside of BESCOM Office,831010
Ilyas Nagar,224181
Kammasandra Agrahara,563121
Arehalli arch,563102
Jigani Industrial Area,221106
Gundappa Layout,577006
Beratena Agrahara,572125
Electronic city,134003
RR nagar 4th stage BEML layout,563115
Sollepura,571423
Dodda Aalada Mara,572125
Jigala,431709
Bande Nalla Sandra,494450
Golden meadows,620004
Near Dotta Aladha Mara,244901
Hanuma hills Layout,577006
Nettigere,560082
S Bingipura,560105
Thyagaraja Nagar,224181
Glass Factory Layout,563162
channennahalli gram panchayat,192202
Koppa,571104
Vidyapeeta,563125
Bhoothanahalli Bannerghatta PO,560076
Hulimavu Valmark Apartment,221010
Gowda Muniswamy Garden,143501
Sundar Ram Shetty Nagar,843111
Chamrajpet,560018
Nobo Nagar,224181
Jigani village,476001
Banashankari 6th stage 10th block,560085
Double Road,455221
Celebrity Paradise Layout,577006
Shanti Nagar,136136
Vijayashree Layout,577006
BCMC Layout,577006
Hejjala,562109
Near hosa road,577415
RBI East Layout,577006
Bannergharta Road Near Meenakshi Temple NICE Rd,244901
Reva Circle,461771
chandra nagar,246425
GB Palya,561206
saiprashanti homes,614602
Sir M Vishweshwaraiah layout 8th Block,190005
Suvarna Layout,577006
18th main 23 B cross,563125
Upkar Meadows Kyalasanahalli,560105
T.Ramaih Garden,201005
Guddhatti Village Hosur Road,635109
Mango Garden Layout,831012
Kothanoor dinne Jp nagar 7th Phase,110062
Dodda Hagade,572125
Mullur Village,571121
Billapura,562125
Hosapalya Mysore Road Kumbalgod,562127
Chikkakannalli,560035
Munivenkatppa Layout,577006
Suragajakkanahalli,560105
Saptagiri Layout,577006
New Gurappana Palya,572120
kanakpura road,495113
Hanumanth nagar,201008
kon,585413
Maruthi Layout,563162
near kengari metro station,713512
Owners court westkasavanahalli,854109
Ramanashree Enclave,201009
Kathriguppe,560085
HSR Extension kudlu,560102
Concorde Napa Valley,305407
east end d main,682009
jnanabharathi layout 1st block,743347
SLV Layout Phase 2,577006
Kallugopahalli,562109
Hosa Road Opp KSRP 9th Battalion,571601
284 17th e main,125104
Near Bangalore central mall,560001
Ramohalli,560074
Vishwapriya Layout,577006
Doddakammanahalli Main Road,611108
Weavers Colony,533105
Bannerrghatta road,783323
Behind Terrace Garden,176501
Near By Kadugodi,560067
Basavanagudi,560004
Gulakamale,560082
Ittamadu Banashankari,560085
Jagruthi colony,584143
Sneha Colony,584143
Deepika Elite Heelalige village Attiblele,782446
Opposite to BDA Complex,181133
Lakshmi Narasimha Swamy Layout,570007
Electronic cIty,134003
Royal Meridian Lay Out,332709
J Bingipura,560105
KANAKAPURA,562117
AECS Layout  Singasandra,577006
Maruthi Garden Layout Halanayakanhalli,563162
bsk iii stage,570023
Seenappa Layout,577006
Shanthi Pura,504251
banashankari 6th stage 6th block,570023
anath nagar,224181
Aecs layout B block,577006
Kumaraswamy Layout I stage,521457
G.K Layout CK Nagar Hosa Road Bangalore - 560100,560100
Nice Road,783323
Samruddhi Layout,577006
Pragathi Nagar,201008
KENGERI,560060
92 Huskur Main Road,611108
ideal homes township Rajarajeshwari Nagar.,144216
beml 3rd stage,563115
Banashankri 2nd. Stage,570023
Near Railway gate Anekal,562106
Handenahalli,562125
hampapura,571125
upkar layout,577006
NearSurya City,134003
Vk Nagar,224181
Banashankari 6th Stage 7Th Block,560085
Shyan Bhog Nagappa and Yajaman Narayanappa Layout,561208
Bande Marasandra,561101
Lalbagh Road,224001
H Gollahalli Kengeri,560060
Upkar Springfields,171201
Bilwerdhana Halli,413518
Kumbalgodu,560074
Vasantha Vallabha Nagar,508214
Puttanahalli,577419
electronicity phase 1,110062
Panchayati BDA Appartment Near Royal Country Park,332709
Byalahalli village,782446
vijaynagar 9th main road,422001
Kasavanahalli Sarjapura Road,562125
pearls vally Anekel,643102
Near Bethany School,244901
Girinagar,173031
Bandepalya,572104
KPC Layout modaliyar layout,577006
KENGERI HOBLI MYSORE ROAD,560060
Green House Layout Begur Hobli Road Narashima Sw,788112
AGS layout Attibele,562107
Lake City,176216
chandrappa circle,313001
Abbiah Garden,201005
 1st cross Balaji layout subramanyapura,560061
A K COLONY,584143
Kasthuriba Nagar,224181
Kamalanagar,515001
Neotown Electronic City,134003
BTM 2 ND STAGE,570023
Simhadri Layout,577006
Jigni Anekal,562106
mayanna layoutanchepalya,571402
BTM Layout Stage 1 Dollar Scheme Layout,570023
Lake city,176216
2nd CrossArehalli,721126
Jaya Nagar,573126
Near Bannerghatta Zoo,244901
Hampapura Village,571125
OPP DELHI PUBLIC SCHOOL ELECTRONIC CITY PHASE 1 BANGALORE,110062
Yediyur,572142
Maruthi Nagar 4th Cross Road BTM 1st Stage,743347
Whitefield kadugodi,560067
TROPICAL PARADISE HARLUR ROAD,783323
Anekal to Hosur Main road,562106
Big Banayan Tree Attached With Ruppies Resort,631502
Vinayaka layout Uttarahalli,517507
Attibele- Sarjapur,562107
Nelmangla Eslampur,273016
Gubalalu Layout Kanakapura Road Banashankari BDA Layout,562117
Avani Shringeri Nagar Hulimav,563127
Btm 4th Stage Devarachikkanahalli,570023
Near Mico Layout Police Station,560076
Rayasandra Lake Road,176216
Balaji Layout Gollahalli,577006
Anjanapura BDA layout,577006
RBI Layout,577006
gottigere,560083
Banashakari 6th Stage 4th block,743371
Duo Heights Layout,577006
kudlu,671124
Neeladri road Electronic city phase 1 Electronic City,110062
Mysore Road Venkatapura,561202
24 Main Road 5 th Phase J.P. Nagar,611108
near dobespet,244901
Suraksha Nagar,201008
Ankappa Layout,577006
BTS Layout,577006
kambipura,560074
Banashankari 3rd Stage,560085
SLN City Doddamarenahalli,134003
Ayappa Garden,201005
ING-VYSYA BANK LAYOUT KRANTHI NAGAR,577006
Outer circle,313001
Srinidhi Layout,577006
BANASHANKARI 2ND STAGE,721126
Nagarabhvi isec main road,611108
big banyan tree,631502
XI block,110083
Aishwarya Crystal Layout,577006
Lavakusha Nagar,224181
3rd Phase Iti Layout,563162
Chandapur to Anekal road,562106
Eden Garden,201005
Behind prestige Shantiniketan prestige,799201
E.G.Pura,322242
Raghavendra Colony,583229
kasavanahalli main road,572224
ITI Layout HSR Sector 7,577006
Ajjanahalli,561201
Nanjappa Layout Btm,577006
Kenchanapura,560060
Koluru,562160
byraweshwara nagar nagar bhavi,342605
Rbi Extension 4th Cross,591224
basavanagudi bangalore-560 004,560001
Yarandahalli,560105
Kachamaranahalli,560087
Banashankari stage vi 6th block,570023
whitefield Dr.Ambedkar nagar road,224181
Nayak Layout,577006
Hosapalya,562127
Neeladri Road,783323
electronic city phase 2,110062
Banashankari Stage VI Block X,570023
Shastri Nagar,462003
Kembathalli road,783323
Popular Colony,584143
Purnapragna layout,577006
shamana garden,201005
Brightway Layout,577006
HV Halli,413518
Anjanapura Near GR heights apartment,560108
cashier layout tavarakera bangalore 29,560001
Chikku Lakshmaiah Layout,577006
Near R T O OFFICE,244901
9th Block Anjinapura BDA Layout,563162
bannerghatta road,560076
Kothnur Dinne,562105
Amalodbhavi Nagar,224181
Brightway School,135133
KSRTC Layout,577006
ITI Layout Mallathahalli,561203
Adugodi,560030
PLS Nagar,201008
Arekere BTM 6 th Stage,573134
AECS layout B Block Singasandra,577006
Anthappa Layout,577006
KHB Suryacity,577302
Near arehalli,563102
Ideal Homes Society,133102
GB Palya Near Ozon Tech Park,143506
Mulluru,571610
Woodsville Layout Anekal Attibele Road,562107
Sarvabhouma Nagar,224181
Manipal,576104
Royal Lake Front Phase 1 Gottigere,332709
Block 8 Phase 3 Suryanagar,263148
Sri Sathya Sai Layout,181131
Dodda Kammanhalli,572125
Hadosiddapura,560035
Magadi Road Thavarekere,562120
Udayapur Village,752083
Cauvery Colony,622501
CR Layout,577006
Attibele to Anekal Road,562107
surya city,221010
Avalahalli J P nagar,201008
Meenakshi resort hullimangala,466001
Next to Wipro Gate,425501
HSR Layout Extension,577006
banasankari 6th stage 2nd block,721126
Meenakshi Layout Bannerghata Road,563162
PC paradise,190010
Agrahara Cheluvappacgarden,572125
Sri krishna layout Electronic city phase 1,577006
Vadahalli Near Big Banyan Tree,631502
Narayana Nagar 2Nd Block,721126
Jpnagar 3rd Phase,110062
SIR MV Layout,190005
AECS layout A block singasandra,577006
Main Road,611108
Lingadheeranahalli Andharahalli main road,611108
Kotiganahalli,562125
Hosakerehalli Layout,577006
BEML 5th Stage Rajarajeshwari Nagar,563115
Dollar Scheme Colony,584143
New Timber Yard Layout,563162
Balaji Gardens Layout,524002
Nisarga Layout Anekal taluk  Bangalore,562106
3rd Block Jayanagar,764005
Bhavani Nagar,638301
BSK 3rd CT.Bed lay out,562107
Bettadasanapura,560068
3rd main 4 th cross 1st stage,700110
Jakkasandra,562112
Near Hsr,244901
Krishnaraju Layout,577006
pr layout 6 cross murgeshpalaya,577006
Omkar Nagar,224181
Electronics City Phase 2,560100
c k palya,561206
Kodathi Gate,425501
2nd Block Jayanagar 14th cross 8th main road,721126
Maruti nagar Kengeri,560060
Sugama Layout,577006
Prasanti Nagar,201008
HSR LAYOUT 3RD SECTOR,563162
5th Main Road,611108
NGR LAYOUT,577006
Udayapura Post,245304
Singena Agrahara,572125
Sector 1 HSR Layout,577006
Thyagraj Nagar,224181
Himagiri Meadows,532221
Elecronic City Phase 1,110062
Tata Silk Farm,562161
Janatha Colony,562106
2nd cross Raghavendra Nagar,721126
Lakshmiamma Garden,201005
behind decathlon,799201
Mahaganapathy Nagar,224181
Sunder Ram Shetty Nagar,206245
Manipal county road,576104
Kuvempu Nagar,201008
Narayana Nagar 1st Block,743347
NGR Layout,577006
Concord Layout,577006
2nd Block Koramangala,560034
Vinayaka Layout Nayandahalli,517507
BSK Stage 3,570023
Near Vivekananda Yoga University-Prashanti Kuteera,799022
Model house street,788112
Mulbagal,563131
Venkatapura,561202
Kothnoor Dinne,516003
Near Bangalore bone lane,794111
White Field Road,201003
Belur Nagasandra,560073
Bhagyalakshmi Avenue,143008
Chadranagar nagar,224181
Shreyas Colony,584143
Vivekanandanagar,500072
Sahyadri Layout,577006
SIR M Vishweshwaraiah LayoutKengeri,190005
Dathathreya Nagar Hoskerehalli,224181
Madiwala,562106
I block,110083
Mahadeshwara Nagar,571490
Gaurava Nagar,201008
Anekal Harohalli Main Road,562106
43/1 2nd main 2nd block thyjaraja Nagar n.r colony,721126
Vivek Nagar,791001
Chikkammanahalli,573103
Green city farms electronic city,390019
J P nagar 9th phase,110062
Rajarajeshwarinagar,560098
Aecs Layout Kudlu Gate,577006
Somasundara Palya,561206
Rajarajeshwari Nagar Bangalore South,560004
Industrial Layout,577006
Manjunathnagar Near BIPS School,244901
Near KSSEM Engineering College,133207
Kavi Lakshmisha Road,392170
SURYA NAGAR PHASE 2,110062
Roopena Agrahara,572125
Puttenhali main road,611108
Kengeri Hobli Ramasandra,560060
KEB society,382424
Saudhamini layout,577006
Harlur main road,611108
Laxmi Layout gottigere,577006
Nisarga Layout Harapanahalli,583131
Agara Village,389140
amruth nagar main rd ayyappa naga konanakunte bengaluru karnataka 560062,508208
Hulimangala,560105
near srirampuram metro station,531127
kagalipura,560082
8th block Koramangala,560034
Central Excise Layout,577006
BDA Layout JP Nagar 8th Phase,560076
KAS Officers Colony,416514
Isro layout,577006
Anjanapura 2nd Block,560108
Dattatreya Nagar,224181
KENGERI GOVERNMENT HOSPITAL KOTE KENGERI,562161
Electronic city Phase2,134003
NS Palya,561206
Tavarekere village,562122
Ananth Nagar 2nd phase,721126
Glass factory Layout,563162
Reliable Tranquil Layout Bengaluru Karnataka 560068,560068
mahalaxmi layout,577006
RajaRajeshwari nagar,201008
sarjapur to attibele,562107
Vivek nagar,791001
anekal road,562106
Avalahalli tippu circle anjanapura bangalore,560108
Tejaswini nagar,224181
Adarsha Nagar,787023
Balaji Nagar,518006
Chandapura Anekel Road,560081
Thurahalli,560061
Marathi Layout,577006
celebrity golden treasure,620004
BLOCK II,110083
Kalidasa lay out srinagara,562107
Poornapragna Layout,577006
10th MainAECS Layout,577006
Brigade Meadows Kanakapur Main Road,583230
Seegehalli  Whitefield,572213
Shinivagalu Tank Bed Layout,560102
Icon Malgudi,460440
J P Nagar,224181
rayasandra,560099
Grc Brudavana Iti layout Opposite to Gopalan Mall,577006
banashanakri 2nd stage,570023
rajarajeswari nagar,224181
Friends Colony,584143
Simha layout,577006
8 km from jigani circle,560105
Chikka Adugodi,572125
Krishna Kamala Enclave Uttarahalli,190005
Ananthnagar Phase 2,110062
Near Doddakannelli wipro,244901
BDA Balaji layout site,577006
Chandranagar,497220
V.V Puram,516247
NAL Layout,577006
chandapura,560081
Bull Temple Road,249204
Vakil Townscape,244713
Bannerghata Road,783323
Jayanagar 1st block,743347
Silver Oak Layout,577006
Mummy Daddy Layout Bannerghatta,560076
Kothnoor Dinne JP Nagar 8th Phase,110062
Beereshwar nagar,224181
Dwarakanagar,530016
Maruthi Nagar Doddabasti main road,190010
Ajjanahalli Block 2 Near Chandrappa Circle Dodda A,561201
Srinivasapura,561203
maruthi nagar,122102
Pillaganahalli Bannerughatta road,783323
Sarakki Nagar,224181
AnjanapuraBDA Layout,577006
hoshalli,563129
Telecom Colony,181201
Venkatapura Police Quaters,561202
Near Electronic City,244901
JR urbania,793105
vijaya layout,586103
New gurappana palya,572120
Yadalam Nagar,224181
Saipoorna Paradise Somasundar Palya HSR Layout 2nd Sector Extension,572120
K R nagar,224181
Nisarga Layout Jigani,577006
OLd Gurappanapalya,791120
Reliable Woods Layout,577006
Karpur,450881
Sri balamuri varasidhi vinayaka temple,517507
sarjapur road banga,582211
Whitefield Sarjapur Road,560066
Pipe line road Ramaiah Nagar,735202
Electronic City Phase 2  Ananda Reddy Layout,577006
Koppa Gate,571104
Provident Park Square Kanakapura Road,562117
jayanagar housing society,764005
Attibele Anekal Road,562107
Vishwapriya Nagar,224181
Doddanagamangala Electronic City Phase 2,110062
Hanumannath Nagar,224181
Hanumantha Nagar,201008
Gandhi Bazar,382845
Anekal main road,562106
KLV LAYOUT,577006
Nice road,783323
2nd Stage Arekere Mico Layout,573134
Ramamurhty Nager,202002
Bannerghatta Village,782446
8th Block Koramangala,560034
13th main 17th cross,563125
Bendre Nagar,224181
Rajarajeshwari CMC,632004
Celebrity Classic Layout Doddathoguru,577006
Amrita Nagar,262201
hsr send sector,490006
Someshwara Colony,562104
2 minutes to Nice road,783323
Chandapura-Anekal Road,562106
kudlu lake,176216
Banashankari 6th Stage 1st Block,560085
Near Kumarans PU College Brindavan Layout,845450
Cosmo Square,533002
Muthanallur,560099
Aster Park Villa Project,143514
ROYAL LAKE FRONT RESIDENCY LAYOUT,332709
puttanahalli  7th phase jp nagar Ramappa layout,560076
Raghavendra Layout Ramohalli,560074
Kenchenahalli RR Nagar,577589
NR Colony,584143
srinivasapura,561203
BEML 3RD STAGE RAJARAJESWARI NAGARA,563115
Veerabhadra Nagar,201008
Hanumanth Nagar,201008
Kengeri to utharalli main road,560060
jp nagar,224181
2nd Block Banashakari 6th Stage Bangalore 560098,560098
Fort,185101
Ragavendra layout,577006
JP nagar 2nd phase KSRTC Layout,560078
175 1 Soukya Rd Anugondanahalli Bengaluru Karnataka 560067,560067
Astha Laxmi Layout,577006
Mattenahalli Road Thindlu Sarjapura,562125
Bannerghatta Main Road,611108
Bhaskar Nagara,284123
Narayanappa garden,201005
Vishveshwariaha Layout Block 1 BDA,577006
Suryanagar 2 phase,263148
Upkar spring field,201003
Bellandur Sarjapur road,560103
Hanuman Nagar,852215
btm 6th stage,570023
1st Main,416602
kharadi,451224
1 1st D Main Road Shivanagar Rajajinagr Bangalore,415108
Maruthinagar Uttarahalli,509352
Gavipuram Extension,515411
SR Krishnappa Garden,201005
Chikkanayakanahalli,571604
BTM Layout 2nd Stage 14th Main,721126
Yelachaguppe,562130
Sector 3 HSR Layout,577006
Bannerghatta Jigani Main Road,611108
Near corporation bank,380001
Slv layout,577006
Chennammana Kere,577529
Banashankari 6th stage4 th block,782428
Guddahatti Neralur Hosur Road Bangalore,562107
Sir M V layout 3rd block,190005
2nd Main Road,721126
Ayodya Nagar,201008
Classic Paradise Layout,577006
Dr ambedkar nagar,224181
Dodda Kammanahalli,572125
Gurudatta Layout Hosakerehalli,577006
Banashankari 6th stage 4th b block,560085
devamachohalli,562130
Tygaraj nagar,224181
Brightway layout,577006
Near Duo city layout,577006
Bannergatta Road To Jigani APC Circle,560105
Bsk 6th Stage,570023
Sir M Vishveswaraya Layout Bengaluru Karnataka,577006
KR Road,783323
Electronic City Phase 1 Wipro Gate 6,110062
Hennagara Amanikere,560105
Kaveri Layout,563162
Really Road Kemlatty,783323
BANASHANKARI 3RD STAGE,560085
Near metro station,713512
35th Main 7th Cross,591224
R T Nagar,224181
Hebbal Stage 2,570023
ST Bed,133207
Banashankari 6th Stage  4th H Block,560085
Sai Nager Neraluru Hosur Road,174001
Surya City Phase2,221010
Samandur,562106
Kothanur VillageUttarhali Hobli JP Nagar 7th phase,110062
Yayaman Layout,577006
totagere,562123
KLV LAYOUT JP NAGAR 8TH PHASE,560076
Jp Nagar 8th Phase,110062
Attibele thattanahalli,562107
Syndicate Bank Colony,632513
16th main 9th cross,591224
Mahanthalingapura,560105
Lake shore homes,191111
Jeewan Sathi Colony,841438
Anekal Byalahalli,562106
Chandapur,229306
Omarbagh Layout,577006
Lal Bahadur Shastri Nagar J P Nagar 8th phase,110062
3rd block east Jayanagar,764005
Banashankari 6th Stage 4th T Block,560085
Jayanagar Co Operative Housing Society,721306
Garvebhavi Palya,561206
sangam road,192202
Bhuvaneshwari Nagar  KEB Main Road BSK III Stage,570023
Hosakerehalli gurudatta layout,577006
BTM 1st stage,743347
Vasantha Vallabha Nagar 2 Block,508214
Jyotipuram,182312
JP Nagar Near Kalyani Magnum,244924
Akshaya vanam,636808
Arekere Mico Layout,573134
Nagadevanahalli Mutharaya Nagar,224181
JP Nagar 4th Phase/Bannerghatta Road,560076
3rd stage Banashankari,560085
Anjanapura 6 block,577214
Nadaprabhu kempegowda layout kommaghatta Kengeri,560060
Raghavendra Layout Padmanabha Nagar,577006
Doddakammanahalli Main Rd  Hulimavu,416602
M.L.A. Layout,577006
BTM 6th Stage 2nd block 2nd Phase,570023
Lake,176216
Paradise Colony,584143
Kanakapura road,562117
Vijaynagar Maruthi Mandir,485771
Greenhouse Layout Doddathoguru Electronic City,577006
Gottigere Bannerghatta Road,560083
Rajgopalnagar peenya 2nd stage,560058
Ammashree Layout,577006
Banashankari Temple Ward,221301
4th Block Jayanagar 33rd Cross,764005
Nayanappanahalli main road,611108
Suryanagar phase 2,263148
AECS LayoutHosur Road,783323
Agasthamali villageindwalwadi cross,563125
Sai Enclave JP Nagar 7th phase,110062
DELHI PUBLIC SCHOOL Electronics city phase 1 electronic city,560100
Cosmos SquareElectronic City Phase II Electronic,110062
SURYANAGAR PHASE 2 sector c,263148
Mayasandra jigani anekal road,562107
New MICO LAYOUT,577006
vasudevapura,560064
kanakapura road,562117
Lakshmi Narasimha Swamy Main Rd,263158
Chandrasekarapura,583130
Beml Layout ITPL Road,563115
Banashankari Stage VI 4th T Block,560085
Gottigere Bannerghatta road,560083
Banasankri 5th Stage Opp Patalamma Temple,570023
Sarjapur Road Muttanallur Cross,582211
Chandapura Electronic City,560081
Suryanagar II PHASE,263148
peddanapalya,562130
Kalkunte near chikk thirupathi,560067
Anjanapura  kanakpura road,560108
Kudlu Village,782446
BK cirkl jp nagar 8 th phase,110062
kodipaly Bangalore south,560004
vijaya Bank layout,586103
Kodipalya Bangalore south,560004
BDA Layout,577006
kemppamma Layout,577006
Saraswathipuram,570009
JP nagar 24th main,416602
BTM Layout 4th stage,570023
BTM layout 4th stage,570023
BDA LAyout,577006
Banashankari IV stage 9 TH Blk,570023
Banashankari iv Stage 8 TH Blk,570023
Btm 4th Stage Saraswathi Pura,743347
Duo Heights,190021
Banashankari iv STG 4th T Blk,335803
Near Narayan Cardiac Hoaspital,244901
Anand nagar,388001
Realiable tropical paradise,190010
reliable tropical paradise,190010
LIC Colony,600059
Ashoka Piller,110026
Banashankari 6th Stage 11th Block,570023
UTTARAHALLI BUSSTAND,503307
UTTARAHALLI BUS STAND,524305
JPNAGAR 1ST PHASE,110062
Ranka Colony Road,491335
Kathriguppe IV Phase,110062
Kudulu Hosa Road,577415
DUO Heights Layout,577006
BANASHANKARI 6th Stage 4th B Block,560085
Venkatdiri Layout,577006
nobel residency,474005
Anantha Nagar,201008
5th G Block,110083
Banashankari 6th stage 11th block,570023
Mallasandra Village,561207
Royal County,332709
kudlu gate,671124
Anjanaswamy Layout,577006
Ideal Homes,225302
RAJARAJESWARI NAGAR,224181
Hindustan Granite road,713335
Gubbaala Royal farm layout,332709
hsr layout 1st sector,560102
Nanjundeswara Layout,577006
Rajarajeswari Nagar,224181
Jp Nagar 8th Phase Nayak Lay Out,562107
Jp Nagar 6th Phase Astha Lakshmi Lay Out,562107
Jp Nagar 8th Phase Surabi Nagar West,110062
Jp Nagar 8th Phase Raghavendra Lay Out,562107
5th block Koramangala,560034
Banashankari 3rd Stg,335803
Chandapura Circle,313001
Chandapura Anekal Road,562106
Jayanagar Housing Co-OP SOCIETY,764005
Aecs Layout B Block,577006
Jayanagar Housing Co-OP SOCIETY Gublala MAIN ROAD,411016
Jayanagar 9th Block,764005
Bande Nallasandra,210201
Dommasandra Cercle,562125
Bank Offices CHS LAYOUT,560009
Aecs layout A singasandra,577006
Bannerghatta road,560076
RK Colony,584143
Otis circle Jigani,560105
Jigani OTIS circle,560105
jigani,560105
OTIS circle jigani,560105
OTIS circle Jigani,560105
kanakpur main road,788107
kanakpura main road,422001
Rukmaiah Layout,577006
Hosur road,635109
b narayanapura,562117
sarjapur,582211
doddanekkundi,560037
Kanakpura main road,422001
sarjapur Road,582211
mahadevpura,383315
Abbaappa Layout,577006
marathahalli,560037
KANAKAPURA ROAD,562117
BANASHANKARI 6TH,743371
JP NAGAR 5TH PHASE,110062
east end,682009
jayanagar RBI layout,577006
BTM 2 stage dollars,570023
b t m 1 stage nimhans layout,570023
jayanagar,764005
B T M 2 stage kump mu,570023
est end,422113
Vinayaka nagar,517507
4TH B BLOCK,110083
2ND BLOCK,721126
2nd block,721126
7th block,110083
Karishma Hills Kanakapura Road,562117
Neeladri - Hulimangala Main road,560105
singasandra,560068
bannerghatta,560076
Banashankari 1 st stage,570023
Hongasandra Begur Road,562122
Yelachenahalli Kanakapura Road,562117
gunjur main road,560087
jp nagar 4th phase,110062
koramanagala 3rd block,782428
jp nagar 3rd phase,110062
sun city lay out,201014
Arekere Bannerghatta Road,573134
jp nagar 3rd phase opp sit mini forest,572102
Teachers Colony,181201
JP Nagar 7th Phase,110062
Green Vista Mullur Village,571442
KHB Surya City Phase 1 Chandapura Anekal Road Bangalore,562106
KHB Surya City Phase 1,110062
JP Nagar 8th Phase,110062
Aashritha KHB Surya City Phase1,221010
Neeladri - Hulimangala Road,560105
RG Enclave Hulimangala Main Road Electronic city Phase 1,560105
Opposite to KHB Surya City Phase 1 Chandapura,110062
Chandapura Anekal Road Bangalore,562106
Weavers Colony Ankal Town,533105
Marasur Gate Chandapura,560081
Green Vista Mullluru Kodathi Gate Sarjapura road,562125
Koramangla 3rd block,782428
Green Vista BDA Layout Mullur Kodathi Gate,571442
Green Vista Kodathi Gate Sarjapura Main Road,562125
Surya City,221010
banashankari 6th stage 10th block,560085
ananthnagar 2nd phaseElectronic city,721126
bukkasagara village bannerghatta jigani road,577533
BEGUR,562122
Kudlu Main Road,611108
2nd Block,721126
2nd Phase 2nd Block BTM Layout,577006
Hosur,635109
Banashankari VI Stage,570023
Hosa Road junction,577415
nanjappa reddy layout,577006
Jp Nagar 7th Phase Bk Circle,110062
Pavamanapura layout,577006
J p Nagar 1st phase,110062
Sarvobhogam Nagar,224181
Kanakapura Road Sangham Main Road,562117
Kanakpura Road,495113
Anjanapura 10th block,577214
BSK6th Stage 10black,570023
Electronic City Phase1,134003
banashankari 3rd stage,560085
banashankari IV stage,570023
Plot No. 75 SBM Colony 1st Main 2nd Cross,721126
Hsr Extention Haralur Road,572104
Sector 5 HSR Layout,577006
kengeri,560060
Malasandra,572224
7th Block Koramangala,560034
RR nagar,224181
Ullal Main Road,611108
AECS Layout Block A Singasandra Kudlu Bangalore - 560068,560068
Varthur Sarjapur Road,582211
Jc industrial layout,577006
sir mv layout,190005
Nirman Layout,743286
BHCS Layout,577006
devarachikkana halli,413518
Parvathipuram,535501
Hosa road,577415
Sai Sree Layout,174001
siddapura bidadi road,562109
Jakkasandra Extension,562112
Sampige Nagar,572225
billapura,562125
1st Stage Radha Krishna Layout,843119
3rd Block Sir M. Visweshwararaiah Layout,190005
6th stage 3rd block BDA,743371
Banashankari 2nd Stage,721126
AECS Layout A Block Singasandra,577006
Banashankari 6th stage 2nd block,721126
Sir M Vishweshwariah Layout 1st Block,743347
BDA LINK ROAD,788006
Banshankri 6th stage nearest to lakshmi temple,570023
Chikka Hagade,562106
b block,110083
Channasandra village Uttarahalli hobli,782446
Jaya Nagar East,573126
eta garden magdi road banglore 560023,385320
Banagiri Nagar,201008
hosur,635109
AVS Layout,577006
Banashankari 6th Stage 6th Block,570023
Samrudhi Layout,577006
Lic layout,600059
Gurudatta layout,577006
Uttarahalli Bangalore,560001
Nagaraja Garden,201005
Greenway Layout bettadasanapura,577006
Banashankari Stage 6,570023
Pattabhirama Nagar,224181
Ramurty Nagar,224181
J P Nagar 8th phase,110062
aratt rolling whites dodda hagade bangalore south,560001
Jayaprakash Nagar,201008
RBI layout,577006
Banashankari Stage VI 10th Block,570023
Electronics City Phrase 2,560100
Sreekrishna paradize layout,577006
Krishna Nagar,521131
BANASHANKARI 6TH STAGE 10TH BLOCK,560085
Uttarahalli Kengeri Main Road,560060
5th G block,110083
Banshankari 6th Stage 3rd Block,743371
4th H Blck,743347
Anjanapur 5th G Block,110083
Kodipalya Kengeri,560060
BTM Layout Stage 4,570023
Sarakki Gardens,524002
Bsk 6th Stage 9th Block,570017
JP Nagar 8th phase 1st block,110062
4th B block,110083
7th Cross,591224
New Mico Layout,577006
Konankunte Supraja Nagar,224181
HSR layout,577006
4th B Block,110083
Kempamma Layout,577006
Jigani Haragadde,560105
Banashankari 6th Th Stage 4th H Block,560085
uttari,244701
konanakunte,560062
Channapatna,562160
Jayanna Layout,577006
Shanthala Nagar,224181
Millers Road,783323
Pulkeshi Nagar,224181
Richards Town,502103
Frazer Town,502103
Byadarahalli,571421
Crescent Road,783323
Benson Town,502103
Shivaji Nagar,425201
Ali Askar Road,786602
Cunningham Road,783323
South Avenue,143008
Kumara Park,517643
Sheshedripuram Bengaluru,560001
Jaya Chamarajendra Nagar,573126
Byadarahalli bangalore 560091,560091
Mavalli,560004
Richmond Town,502103
bsk 6th stage 4th t block kanaka pura road,743371
Cox Town,502103
Kudlu main road,611108
BCC Layout,577006
Raja Ram Mohanroy Extension,443203
Ulsoor Lake Kallahalli,176216
akkipet main road,611108
mysore road,570004
Commercial Street,641018
Pulikeshi Nagar,224181
Tasker Town,502103
Halasur,577144
Palace Road,301022
Balepet,571441
Seppings Road,783323
Gulbarga,585103
Langford Town,502103
Shubh Enclave,190005
Richmond Road,783323
Sivanchetti Gardens,524002
Doddigunta,533291
Sudhama Nagar,224181
Tamilnadu thirupur,626127
Lakkasandra Extension,563130
Chika Bazaar Rd,136034
ramannapet,503225